,Q1A,Q1B,Q1C,Q1D,Q1E,Q3,Q5B,Q6,Q7,Q11A,Q12,Q13A,Q13B,Q13C,Q14A,Q14B,Q14C,Q14D,Q14E,Q16,Q17,Q21A,Q21D,Q24A,Q27C,Q30,Q34,Q35,Q41B
1,2,2,2,1,-1,1,2,-1,0,0,0,1,1,1,-1,1,1,1,1,1,-1,0,0,2,1,0,1,0.5,-1
2,2,2,-1,-1,2,1,-2,1,1,1,1,1,-1,-1,-1,1,1,-1,1,1,-1,0,0,-2,-2,0,0,1,0
3,-2,-2,-1,-2,-2,1,1,-1,0,0,1,1,-1,-1,-1,1,1,1,1,1,-1,0,0,1,-2,1,0,4,-1
4,1,-1,2,1,1,1,1,-1,0,0,-1,1,1,1,1,1,1,1,1,1,1,0,0,1,1,1,0,3,1
5,2,2,1,1,2,1,2,-1,0,0,-1,1,1,0,1,1,1,1,1,1,1,0,0,2,1,0,1,1,-1
6,-1,1,2,2,-2,1,2,1,1,1,1,1,1,-1,1,1,1,1,1,1,1,1,1,2,1,-1,0,0.5,1
7,2,2,2,1,-1,1,1,-1,0,0,-1,1,1,-1,-1,1,1,1,-1,1,-1,0,0,1,-1,-1,1,0.5,0
8,1,2,2,2,1,1,1,-1,0,0,-1,1,1,1,-1,1,1,1,1,1,1,0,0,-1,2,0,1,1,0
9,1,2,2,1,1,1,2,1,1,1,-1,1,1,1,1,1,1,1,1,1,-1,0,0,2,2,0,1,0.5,-1
10,2,2,2,2,1,1,2,1,2,0,-1,1,1,1,1,1,1,1,1,1,1,0,0,-1,2,0,1,1,-1
11,-2,2,1,1,1,1,2,1,1,1,1,1,1,-1,1,1,1,1,1,-1,-1,-1,-1,1,-1,0,1,0.5,1
12,2,-1,2,2,2,1,2,1,2,0,-1,1,1,1,1,1,1,1,1,1,1,0,0,2,2,0,-1,0.5,-1
13,1,-1,2,2,-1,-1,2,1,2,0,1,1,0,-1,1,1,1,1,1,1,-1,0,0,-1,1,0,-1,0.5,-1
14,-1,1,2,2,1,1,2,1,1,1,-1,1,1,-1,1,1,1,1,1,1,1,1,1,1,-2,0,1,2,-1
15,2,1,2,2,1,1,2,1,2,0,1,1,1,-1,1,1,1,-1,1,-1,1,0,0,-1,-1,0,-1,0.5,-1
16,-2,2,2,2,2,1,2,1,1,1,1,-1,-1,-1,1,1,0,-1,1,1,-1,-1,-1,-2,0,0,-1,0.5,-1
17,0,0,-2,-2,-2,1,0,1,1,-1,-1,1,1,1,-1,1,1,1,1,1,1,1,1,-1,2,-1,0,2,0
18,1,1,2,2,1,-1,1,1,2,0,1,1,-1,-1,1,1,1,-1,-1,1,-1,0,0,1,2,-1,1,2,0
19,2,2,2,2,-1,1,2,1,1,1,-1,-1,-1,-1,1,1,1,1,1,-1,-1,0,0,1,2,0,1,2,-1
20,1,1,2,2,-1,-1,-1,1,2,0,1,1,-1,-1,1,1,1,1,1,1,1,0,0,1,-1,-1,1,4,0
21,2,2,1,1,2,1,1,1,1,1,-1,1,1,-1,1,1,1,1,1,1,1,1,1,-1,1,0,-1,0.5,-1
22,-1,2,1,1,-1,0,-2,1,1,1,0,1,1,-1,-1,1,1,1,-1,1,1,1,1,1,-1,1,1,5,-1
23,-2,1,2,2,-2,1,1,1,1,1,0,1,1,-1,1,1,1,1,1,1,1,1,1,2,1,0,1,1,0
24,2,2,2,2,1,1,2,1,2,0,0,1,1,1,1,1,1,1,1,1,1,0,0,1,-1,0,-1,0.5,-1
25,-2,1,2,-1,1,-1,2,1,1,1,-1,-1,-1,-1,1,1,1,-1,1,1,-1,1,1,-1,-2,0,1,0.5,-1
26,-2,1,2,2,-2,-1,-1,1,2,0,1,-1,-1,-1,-2,-2,-1,-2,-2,-1,-1,0,0,-1,-2,0,1,0.5,-1
27,-1,2,2,2,1,1,2,1,2,0,-1,1,1,-1,1,1,1,1,1,1,1,0,0,2,1,0,1,1,-1
28,1,1,2,2,1,1,2,1,2,0,-1,1,1,1,1,1,1,1,1,1,1,0,0,-1,2,1,1,5,-1
29,1,2,1,2,-1,1,2,1,2,0,-1,1,1,1,-1,1,1,1,1,1,1,0,0,1,2,1,1,3,-1
30,-1,-2,2,1,-2,1,2,1,1,1,0,1,1,1,1,1,1,1,1,1,-1,1,1,1,2,0,1,2,-1
31,2,2,0,2,0,1,1,1,1,1,1,1,0,-1,1,1,1,1,1,1,1,0,0,1,2,0,-1,0.5,0
32,1,2,2,-1,1,1,-1,1,1,1,-1,1,1,1,-1,1,1,1,1,1,1,1,1,1,1,-1,1,5,0
33,2,2,2,2,2,1,0,1,2,0,1,1,1,-1,1,1,1,1,1,-1,1,0,0,-1,2,0,1,0.5,-1
34,1,-1,2,2,1,1,2,1,1,1,-1,1,1,1,1,1,1,1,1,1,1,0,0,1,1,0,1,3,0
35,2,2,-2,-1,-2,-1,-2,1,2,0,0,1,1,0,1,1,1,1,1,1,1,0,0,2,1,0,0,0,0
36,1,2,2,2,1,1,2,1,1,1,-1,1,1,-1,-1,1,1,1,1,1,1,1,1,-1,1,0,1,0.5,-1
37,-2,1,1,1,0,1,-1,1,2,0,0,1,1,-1,0,1,1,1,1,1,0,0,0,-1,1,1,-1,2,-1
38,-1,-1,-1,2,2,1,-1,1,1,1,-1,1,1,1,1,1,1,1,1,1,1,1,1,1,1,1,0,2,-1
39,2,2,2,2,2,1,1,-1,0,0,-1,1,1,1,1,1,1,1,1,1,-1,0,0,2,1,1,0,2,0
40,2,2,2,2,0,0,2,1,1,1,-1,1,1,-1,1,0,1,-1,1,-1,-1,1,-1,1,2,-1,0,4,0
41,1,2,1,-1,2,1,1,1,1,-1,0,1,1,0,-1,1,1,1,-1,1,1,0,0,-1,2,0,1,4,0
42,-1,2,2,-1,2,-1,-1,1,2,0,0,1,1,0,-1,1,1,1,1,1,1,0,0,0,1,0,1,4,-1
43,1,1,1,2,2,1,-1,1,1,1,1,1,-1,-1,1,1,1,1,1,1,-1,1,1,2,2,0,-1,5,-1
44,1,1,2,1,1,1,2,1,2,0,0,1,1,-1,1,1,1,1,1,1,-1,0,0,1,-1,0,-1,0.5,-1
45,0,-1,2,2,1,-1,1,1,2,0,0,1,1,-1,1,1,1,0,-1,-1,-1,0,0,1,-1,-1,-1,0.5,0
46,-2,-1,2,2,1,-1,2,1,2,0,1,1,1,-1,-1,-1,-1,-1,-1,1,-1,0,0,-1,-1,0,1,5,-1
47,-2,-2,-1,-2,-1,1,-2,1,1,1,0,1,-1,-1,-1,1,1,1,1,1,1,0,0,1,2,0,1,2,1
48,2,2,0,1,2,1,0,-1,0,0,-1,1,1,-1,-1,1,1,1,1,1,1,0,0,2,1,0,1,2,-1
49,1,2,1,1,1,-1,2,1,1,1,0,1,1,1,1,1,1,1,1,1,1,0,0,1,-1,-1,1,5,0
50,2,2,2,1,1,1,2,1,1,1,0,1,1,0,1,1,1,1,1,1,0,0,0,1,-1,0,-1,0.5,0
51,2,2,2,-2,2,1,2,-1,0,0,0,1,1,-1,-1,1,1,1,1,1,1,0,0,2,2,1,0,5,0
52,2,-1,1,1,-2,1,1,1,1,-1,0,1,1,1,1,1,1,1,1,1,1,0,0,2,2,0,1,2,-1
53,-2,1,2,-1,2,1,2,1,1,1,1,1,1,1,1,1,1,1,1,-1,1,1,-1,-2,2,0,1,3,-1
54,0,1,-1,1,2,1,2,-1,0,0,-1,1,1,1,-1,1,1,1,1,1,1,0,0,1,2,1,0,3,-1
55,2,-2,1,1,-1,1,-1,1,2,0,-1,1,1,1,1,1,1,1,1,1,1,0,0,-2,-1,0,1,0.5,1
56,-2,-1,2,2,-2,-1,2,1,1,1,1,0,0,0,-1,1,1,-1,-1,-1,-1,1,-1,1,2,0,1,0,0
57,-1,2,1,1,2,1,-1,-1,0,0,-1,1,1,1,-1,1,1,1,1,1,1,0,0,1,2,-1,0,3,0
58,2,2,2,2,1,1,1,1,2,0,-1,1,1,1,-1,1,1,1,1,1,1,0,0,1,1,0,1,5,-1
59,1,2,2,2,1,1,2,-1,0,0,-1,1,1,-1,1,1,1,-1,1,1,1,0,0,1,-1,1,1,4,-1
60,1,1,1,2,2,1,1,1,1,1,1,1,1,1,1,1,1,1,1,1,1,1,1,1,1,0,1,0.5,0
61,2,-1,-2,-2,2,1,2,1,1,1,-1,1,1,-1,1,1,1,1,1,1,1,0,0,1,1,0,0,2,1
62,2,0,2,2,2,1,2,1,1,1,-1,-1,-1,-1,1,1,1,1,1,-1,-1,-1,-1,-1,-1,0,1,2,1
63,2,2,-2,-1,-1,1,2,1,1,1,1,1,-1,-1,-1,1,1,1,1,1,1,0,0,1,2,1,0,5,0
64,-1,1,2,1,2,1,1,-1,0,0,1,1,-1,-1,1,1,1,1,1,1,1,0,0,2,2,1,0,2,0
65,-2,2,2,2,-2,1,0,-1,0,0,-1,-1,-1,-1,1,1,-1,-1,1,-1,-1,0,0,0,1,0,-1,0.5,0
66,0,2,2,2,0,1,1,1,2,0,0,1,1,-1,1,1,1,1,0,1,-1,0,0,-1,1,0,1,4,-1
67,1,2,2,2,2,1,2,-1,0,0,1,0,-1,-1,1,1,1,1,-1,1,-1,0,0,1,1,-1,0,0,0
68,1,2,2,2,2,-1,2,1,2,0,0,-1,-1,-1,1,-1,1,-1,-1,1,-1,0,0,-1,1,0,-1,0.5,-1
69,1,-1,2,1,-1,1,2,1,1,1,1,1,-1,-1,1,1,1,-1,1,1,-1,0,0,1,1,0,1,1,-1
70,2,2,2,2,2,1,2,1,2,0,1,1,1,-1,1,1,1,1,1,1,1,0,0,-2,2,-1,1,2,0
71,1,1,1,-1,-1,1,2,-1,0,0,0,1,1,1,-1,1,1,1,1,1,1,0,0,2,2,1,0,2,0
72,2,1,2,2,2,1,2,1,2,0,-1,1,1,1,1,1,1,1,1,1,1,0,0,2,-1,-1,1,2,-1
73,-1,-2,2,2,2,1,2,-1,0,0,-1,1,1,-1,1,1,1,1,1,1,1,0,0,1,1,0,-1,0.5,-1
74,2,2,2,2,-1,1,2,1,2,0,1,0,-1,-1,1,1,1,1,1,-1,-1,0,0,-2,1,0,-1,2,-1
75,-1,2,2,-1,-1,1,1,1,1,-1,0,-1,-1,-1,-1,1,1,1,1,1,1,0,0,-1,-2,1,0,2,1
76,2,1,2,2,1,0,2,1,2,0,1,1,-1,-1,1,1,1,-1,1,1,-1,0,0,1,2,0,0,0,0
77,1,2,2,1,2,1,2,-1,0,0,-1,1,1,1,-1,1,1,-1,1,1,1,0,0,-1,2,0,1,2,0
78,-2,2,2,2,-2,1,2,1,2,0,1,1,-1,-1,1,-1,1,-1,-1,1,-1,0,0,2,-2,0,-1,0.5,-1
79,2,2,2,2,2,1,2,1,1,-1,1,-1,0,-1,-1,1,1,1,1,1,1,1,-1,1,2,0,1,2,-1
80,-1,2,-1,-1,2,-1,1,-1,0,0,0,1,1,1,1,1,1,-1,1,1,1,0,0,2,1,1,0,3,0
81,1,2,2,1,2,1,1,-1,0,0,-1,1,1,1,1,1,1,1,1,1,1,0,0,-1,-2,1,0,2,-1
82,-1,2,1,1,-1,1,1,-1,0,0,1,1,1,-1,1,1,1,1,1,1,-1,0,0,-1,2,0,1,5,0
83,-1,2,2,2,-1,-1,-2,1,2,0,-1,1,1,-1,-1,1,1,-1,-1,1,-1,0,0,-2,-2,0,1,5,-1
84,2,1,1,2,2,1,2,1,1,1,0,1,-1,-1,1,1,1,-1,-1,-1,-1,0,0,-1,-2,0,-1,0.5,-1
85,-1,-2,2,2,1,1,-1,1,2,0,1,1,1,1,1,1,1,1,1,1,-1,0,0,-1,1,0,1,4,-1
86,-1,1,1,1,1,1,-1,-1,0,0,-1,1,1,1,-1,1,1,1,1,1,1,0,0,1,1,1,0,3,0
87,1,1,2,1,1,1,2,1,1,1,-1,1,1,-1,1,1,1,1,1,1,-1,1,-1,2,2,0,1,3,1
88,1,1,1,2,1,1,2,1,1,1,-1,0,-1,-1,1,1,1,1,1,1,-1,0,0,2,-2,0,1,2,-1
89,2,1,2,-1,2,1,2,1,1,1,-1,1,-1,-1,1,1,1,1,-1,1,1,0,0,2,1,0,1,5,-1
90,0,2,2,2,0,1,2,-1,0,0,0,1,-1,-1,-1,1,1,0,0,1,-1,0,0,1,2,0,-1,0.5,-1
91,-2,-1,-1,-1,-1,1,2,1,1,-1,0,1,1,1,1,1,1,1,1,-1,1,1,1,2,1,0,-1,0.5,-1
92,2,-1,2,2,1,1,2,1,2,0,1,1,-1,-1,1,1,1,1,1,1,1,0,0,-1,1,1,1,3,0
93,2,1,2,2,1,1,2,1,1,1,1,-1,-1,-1,-2,-2,-2,-2,-2,-1,-1,1,1,-2,-2,0,-1,0.5,-1
94,1,2,2,1,-1,0,1,1,2,0,0,1,1,1,1,1,1,1,-1,-1,1,0,0,-1,0,0,-1,0.5,-1
95,-2,2,2,1,-2,1,1,-1,0,0,-1,1,1,-1,1,1,1,1,1,1,1,0,0,-1,1,0,-1,0.5,-1
96,1,1,2,2,-1,-1,1,1,1,1,-1,1,1,-1,1,1,1,1,1,-1,1,1,-1,1,1,0,-1,0.5,-1
97,1,1,2,2,-2,-1,2,1,1,1,0,1,1,-1,1,-1,1,1,1,1,-1,1,1,-1,2,0,-1,0.5,-1
98,1,2,-1,2,-1,1,1,-1,0,0,-1,1,1,1,-1,1,1,1,1,1,1,0,0,-1,1,-1,0,4,0
99,-1,1,2,2,1,1,1,1,1,1,1,1,1,-1,1,1,1,-1,-1,1,-1,1,-1,-1,1,0,1,0.5,0
100,2,1,-1,-1,1,1,2,1,1,1,-1,1,1,1,1,1,1,-1,1,1,-1,1,1,2,2,0,1,0.5,1
101,2,1,2,2,2,1,2,-1,0,0,-1,1,1,1,0,1,1,1,1,1,1,0,0,1,1,-1,0,1,0
102,1,-1,2,2,-1,1,1,-1,0,0,1,1,1,-1,-1,1,1,-1,1,1,-1,0,0,2,2,-1,0,0,0
103,1,1,2,-1,-1,0,2,1,2,0,0,1,1,-1,1,1,1,1,1,1,0,0,0,1,-1,0,1,0,-1
104,1,1,-2,2,2,-1,1,-1,0,0,-1,1,-1,-1,-1,1,1,1,1,1,1,0,0,-2,-1,-1,1,5,-1
105,2,-1,1,-1,2,1,-1,-1,0,0,-1,1,1,-1,-1,1,1,1,1,1,1,0,0,-1,2,-1,0,3,-1
106,-1,2,1,2,-2,-1,2,1,2,0,-1,-1,-1,-1,1,1,1,1,1,1,1,0,0,1,1,-1,-1,0.5,0
107,-2,-2,2,1,1,-1,1,1,2,0,1,1,-1,-1,1,1,1,1,-1,1,-1,0,0,1,1,1,1,2,-1
108,2,2,2,2,2,1,1,1,1,1,0,1,1,1,1,1,1,1,1,1,1,1,1,2,1,0,1,3,0
109,1,2,1,1,1,1,1,-1,0,0,-1,1,1,-1,1,1,1,1,1,1,1,0,0,1,1,0,1,4,0
110,1,2,2,-1,-1,-1,1,1,2,0,-1,-1,-1,-1,1,1,-1,1,1,-1,-1,0,0,2,-1,0,1,2,-1
111,1,1,2,2,2,1,2,1,2,0,-1,1,1,1,1,1,1,1,1,1,1,0,0,1,1,0,1,1,-1
112,1,1,2,2,2,1,2,1,2,0,0,1,1,0,1,1,1,1,1,1,1,0,0,2,2,0,-1,0.5,-1
113,2,2,2,1,2,1,2,1,1,1,-1,1,1,1,-1,1,1,1,1,1,1,0,0,1,2,0,1,2,0
114,1,2,2,2,2,1,2,-1,0,0,-1,1,1,1,1,1,1,1,1,1,1,0,0,1,2,-1,0,0,-1
115,-2,1,2,2,-1,-1,2,1,1,-1,1,1,-1,-1,1,-1,1,-1,-1,-1,-1,1,1,1,1,0,1,2,-1
116,1,1,2,1,-2,1,2,1,1,-1,-1,1,1,1,1,1,1,1,1,1,1,1,1,2,-1,1,-1,1,-1
117,2,2,-1,2,2,1,2,1,1,1,-1,1,1,1,-1,1,1,1,1,1,1,0,0,2,-1,0,1,3,0
118,1,2,1,2,2,1,1,1,2,0,-1,-1,-1,-1,1,1,1,-1,-1,-1,1,0,0,2,-1,1,1,2,-1
119,1,2,-1,-1,1,1,-1,1,1,-1,0,1,1,-1,1,1,1,1,1,1,1,0,0,1,1,0,1,4,-1
120,2,1,1,2,2,1,-2,1,1,1,1,1,1,-1,1,1,1,-1,1,-1,1,1,1,-2,-2,0,1,2,0
121,-1,1,2,2,1,1,2,1,1,1,1,1,1,-1,1,1,1,1,1,-1,-1,0,0,1,1,0,1,0.5,-1
122,2,1,2,2,1,1,2,1,1,1,-1,1,1,-1,1,1,1,1,1,1,-1,1,-1,1,1,-1,-1,0.5,-1
123,1,2,2,1,1,1,1,-1,0,0,0,1,1,1,1,1,1,1,1,1,-1,0,0,1,1,-1,0,3,0
124,2,1,-1,2,2,1,-1,-1,0,0,-1,1,1,-1,0,0,1,-1,1,-1,-1,0,0,1,1,0,0,0.5,0
125,2,2,2,2,-1,-1,-1,1,2,0,1,1,-1,-1,1,1,1,-1,-1,1,-1,0,0,1,1,0,1,0.5,0
126,1,0,2,2,2,1,2,1,1,1,-1,1,1,-1,1,1,1,1,1,1,-1,1,-1,1,1,1,1,5,0
127,-1,-1,2,2,-1,0,2,1,2,0,0,1,1,-1,1,1,1,-1,1,1,-1,0,0,-1,-1,0,-1,0.5,-1
128,2,2,2,1,2,1,2,1,1,1,-1,1,1,-1,0,1,1,-1,1,1,-1,1,-1,1,1,0,0,0,-1
129,1,1,2,1,1,-1,1,-1,0,0,-1,1,1,1,-1,1,1,-1,1,1,-1,0,0,1,1,-1,0,0,0
130,1,2,-1,2,1,1,2,1,1,1,-1,1,1,-1,1,1,1,1,1,1,1,1,1,2,2,-1,1,2,1
131,1,1,1,1,-1,1,1,-1,0,0,0,1,1,-1,1,1,1,1,1,-1,1,0,0,1,1,-1,0,0,0
132,2,1,2,-1,2,1,1,1,1,1,0,1,1,1,-1,1,1,1,1,1,1,-1,-1,1,-2,0,1,2,-1
133,1,1,1,2,1,1,2,1,2,0,-1,1,1,1,1,1,1,1,1,1,1,0,0,-1,1,0,1,0.5,-1
134,1,-1,2,1,1,1,-1,0,0,0,-1,1,1,-1,0,1,1,1,1,1,1,0,0,-2,1,1,0,2,1
135,-1,2,1,-1,2,1,1,1,1,-1,-1,1,1,-1,-1,1,1,1,1,1,1,0,0,1,1,0,1,3,0
136,2,1,1,1,2,1,-1,1,1,-1,1,1,1,-1,-1,1,1,-1,-1,1,-1,0,0,2,2,0,1,4,-1
137,1,2,2,2,1,1,2,1,1,1,-1,1,-1,-1,-1,1,1,1,1,1,-1,1,-1,1,-1,0,1,2,0
138,-1,1,2,1,-1,1,2,1,2,0,-1,1,1,1,1,1,1,-1,-1,1,-1,0,0,-1,1,0,1,0.5,-1
139,-1,1,2,-1,1,-1,1,-1,0,0,-1,1,1,1,1,1,1,1,1,1,1,0,0,-1,2,-1,0,0,0
140,-2,-2,-2,-2,-2,1,-2,-1,0,0,-1,-1,-1,-1,1,1,-1,1,1,-1,1,0,0,-2,-2,0,-1,0.5,-1
141,-1,2,2,2,-2,-1,-2,1,1,-1,-1,-1,-1,-1,1,1,-1,-1,-1,1,-1,0,0,-2,-1,0,1,2,-1
142,-2,-1,2,2,2,1,2,1,2,0,1,1,-1,-1,1,1,1,1,1,-1,1,0,0,-2,2,0,1,4,-1
143,-2,-2,2,2,-2,1,2,1,2,0,-1,-1,-1,-1,-2,-2,-2,-2,-2,-1,-1,0,0,1,1,-1,1,2,0
144,2,2,1,1,-1,-1,1,1,1,1,-1,1,1,1,-1,1,1,1,1,1,1,1,-1,2,1,0,1,4,-1
145,1,-2,2,2,1,1,2,-1,0,0,1,1,-1,-1,1,1,1,1,-1,-1,-1,0,0,2,1,0,0,5,-1
146,2,-1,2,2,1,1,1,-1,0,0,-1,1,1,1,-1,1,1,1,1,1,1,0,0,-1,1,0,1,2,0
147,2,2,2,2,1,1,2,1,1,1,-1,1,1,-1,-1,1,1,-1,1,1,1,1,1,-1,2,-1,-1,3,0
148,1,2,2,1,1,1,1,1,2,0,-1,1,1,-1,1,1,1,1,1,-1,1,0,0,1,-1,0,-1,0.5,-1
149,1,-1,2,2,-1,1,-2,-1,0,0,-1,1,1,-1,1,1,1,-1,1,-1,1,0,0,1,1,-1,0,3,0
150,2,1,2,2,-1,0,2,1,2,0,1,1,1,-1,1,1,1,1,-1,1,-1,0,0,-2,-1,0,-1,0.5,-1
151,2,1,-2,2,-2,1,1,-1,0,0,1,1,1,-1,1,1,1,1,1,1,-1,0,0,2,1,-1,0,5,-1
152,2,2,2,0,2,-1,2,-1,0,0,1,0,1,-1,1,1,-1,1,-1,-1,-1,0,0,-1,0,-1,-1,1,0
153,-1,1,2,2,1,1,2,1,1,1,0,1,1,-1,1,1,1,1,1,1,1,0,0,1,1,0,1,4,0
154,0,1,1,2,-1,1,0,1,2,0,1,1,1,1,1,1,1,0,1,1,1,0,0,2,1,-1,-1,0.5,0
155,-1,1,2,2,-1,1,2,1,2,0,1,1,-1,-1,1,1,1,-1,1,1,-1,0,0,-2,2,0,1,2,-1
156,-1,-2,-1,1,1,1,-1,1,1,0,1,1,1,-1,-1,1,1,1,-1,1,1,0,0,1,1,0,0,2,1
157,1,2,1,1,-1,1,1,1,1,-1,0,1,1,1,-1,1,1,1,1,1,1,1,1,1,2,1,1,1,0
158,2,2,1,1,0,1,2,1,1,1,-1,1,1,0,1,1,1,1,1,1,1,1,-1,2,-1,0,0,3,0
159,2,2,2,2,2,1,1,1,2,0,0,1,1,1,1,1,1,0,0,-1,1,0,0,1,-2,-1,-1,0.5,0
160,0,2,1,1,-1,1,2,1,1,1,0,-1,1,-1,-1,1,1,-1,-1,1,1,-1,-1,-1,-1,0,0,0,0
161,2,1,2,2,1,0,-1,-1,0,0,1,-1,-1,-1,1,-1,-1,-1,1,-1,-1,0,0,0,0,0,1,1,-1
162,1,2,2,2,2,1,2,1,2,0,-1,1,1,-1,1,1,1,-1,1,1,-1,0,0,1,2,0,1,2,-1
163,-1,-1,2,1,1,1,-2,1,1,1,-1,1,-1,-1,1,1,1,1,1,1,-1,0,0,1,1,0,-1,0.5,1
164,-1,2,1,-1,1,1,2,-1,0,0,0,1,1,-1,-1,1,1,1,1,1,1,0,0,-1,1,1,0,2,0
165,2,0,2,1,-1,1,1,1,1,1,-1,1,1,1,-1,1,1,1,1,1,1,1,1,1,1,0,1,4,-1
166,2,1,1,1,1,1,-1,1,2,0,0,1,1,-1,0,1,1,1,1,1,1,0,0,-1,-1,-1,1,2,-1
167,1,1,2,1,-1,1,2,-1,0,0,-1,1,1,-1,1,1,1,1,1,1,1,0,0,-1,-1,-1,0,0,0
168,1,-1,1,2,1,1,2,-1,0,0,1,1,1,-1,-1,1,1,1,1,1,1,0,0,-2,1,1,0,1,1
169,2,1,2,2,2,1,-2,1,1,-1,-1,1,1,1,1,1,1,1,1,1,1,1,-1,2,2,0,0,0.5,-1
170,0,2,-2,2,-1,0,2,-1,0,0,-1,1,1,1,1,1,1,0,-1,-1,-1,0,0,-2,-2,0,-1,0,-1
171,-2,1,2,2,-2,-1,2,1,1,1,1,1,1,-1,1,1,1,1,1,1,-1,0,0,1,-1,0,0,0,0
172,2,-1,2,1,1,1,2,1,1,1,-1,1,1,-1,1,1,1,1,1,-1,1,0,0,2,-1,0,1,4,0
173,2,2,2,2,-1,1,-2,1,1,1,1,-1,-1,-1,1,-1,-1,-1,-1,-1,-1,1,-1,-2,1,0,1,0,-1
174,-1,-1,2,2,-1,1,2,0,0,0,0,1,1,-1,1,1,1,-1,1,0,-1,0,0,-1,2,-1,0,2,0
175,-1,2,1,2,2,1,2,-1,0,0,-1,1,1,-1,1,1,1,1,1,1,1,0,0,-1,-2,0,1,2,-1
176,2,2,2,2,-1,1,2,1,2,0,1,-1,-1,-1,1,1,1,-1,-1,-1,-1,0,0,2,-1,0,-1,0.5,-1
177,1,-2,1,2,1,0,2,-1,0,0,-1,0,1,-1,1,1,1,1,1,1,1,0,0,1,1,-1,0,1,-1
178,-1,1,2,2,-1,1,1,-1,0,0,0,1,1,1,-1,1,1,1,1,1,-1,0,0,-2,2,-1,0,0,0
179,2,2,0,-1,2,0,0,1,2,0,0,0,1,1,1,1,1,1,1,1,1,0,0,2,2,0,0,0,-1
180,1,-1,-1,-1,-1,1,2,1,1,-1,-1,1,1,-1,1,1,1,1,1,1,0,1,-1,1,1,0,1,0.5,-1
181,1,-1,2,-1,-1,1,1,-1,0,0,-1,1,1,1,1,1,1,1,1,1,1,0,0,1,1,0,0,0.5,0
182,1,2,2,1,2,0,2,1,1,1,-1,1,1,1,-1,1,1,1,1,1,1,0,0,1,2,0,1,1,1
183,2,1,2,2,2,1,2,-1,0,0,-1,1,1,0,1,1,1,1,1,1,1,0,0,-2,2,0,1,2,-1
184,2,-2,2,2,-2,-1,2,-1,0,0,1,-1,-1,-1,-1,1,1,-1,1,-1,-1,0,0,-1,-1,-1,-1,0.5,0
185,-2,-1,2,2,1,1,2,1,2,0,-1,-1,1,1,1,1,1,1,1,1,0,0,0,1,1,0,1,0,-1
186,1,1,2,1,1,1,1,1,1,1,0,1,1,1,1,1,1,1,-1,1,1,1,-1,1,1,0,0,2,-1
187,-2,1,1,2,-2,1,2,1,1,1,-1,1,1,-1,1,-1,1,-1,1,1,1,1,1,-1,1,0,1,1,-1
188,1,2,-1,-2,2,1,1,-1,0,0,-1,1,1,1,-1,1,1,1,1,1,1,0,0,1,-1,0,1,0,0
189,2,1,-1,1,2,1,2,1,2,0,-1,1,1,1,-1,1,1,1,1,1,0,0,0,2,1,0,1,3,-1
190,2,1,-2,2,1,1,-1,-1,0,0,-1,-1,-1,-1,1,1,1,1,1,1,1,0,0,-2,-1,-1,1,2,0
191,1,1,2,2,0,-1,1,1,2,0,1,1,1,1,1,1,1,-1,-1,-1,-1,0,0,2,2,0,1,0.5,-1
192,2,2,2,2,1,1,1,1,2,0,1,1,-1,-1,1,1,1,-1,1,1,-1,0,0,-1,2,0,1,0.5,-1
193,2,1,2,1,1,1,1,1,2,0,-1,1,1,-1,1,1,1,1,1,-1,-1,0,0,2,2,-1,-1,0.5,0
194,1,2,1,2,1,1,2,1,2,0,-1,1,1,1,-1,1,1,1,1,1,1,0,0,1,1,0,1,5,-1
195,1,1,-2,1,1,1,1,-1,0,0,0,1,1,1,-1,1,1,1,-1,1,1,0,0,1,1,1,0,2,0
196,2,2,2,2,2,1,2,1,1,1,-1,1,1,1,1,1,1,1,1,1,1,0,0,2,1,0,1,5,-1
197,-1,2,1,-2,2,1,-2,1,1,-1,1,-1,-1,-1,1,1,1,-1,1,-1,1,0,0,-1,1,0,1,0.5,1
198,1,1,1,-1,2,1,2,1,1,-1,-1,1,1,1,-1,1,1,1,1,1,1,1,1,1,-2,1,1,5,-1
199,-1,1,2,2,1,1,2,-1,0,0,-1,1,1,1,1,1,1,1,1,1,-1,0,0,-1,1,0,0,0,-1
200,-1,2,2,2,1,0,2,1,2,0,0,1,1,-1,1,1,1,0,1,1,1,0,0,1,2,0,1,5,-1
201,-2,2,1,-2,2,-1,-2,1,2,0,-1,1,1,1,-1,1,1,1,1,1,1,0,0,-1,0,1,0,0,0
202,1,2,2,2,1,-1,2,1,1,1,0,-1,-1,-1,-1,1,1,0,-1,-1,-1,1,1,-2,2,0,1,4,-1
203,-2,2,2,2,-1,1,2,-1,0,0,0,1,-1,-1,1,1,1,1,-1,1,-1,0,0,-1,1,1,0,4,0
204,2,2,1,2,1,1,-1,1,1,-1,0,1,1,1,1,1,1,1,-1,1,1,-1,1,2,1,0,1,0.5,-1
205,2,2,2,1,2,1,1,-1,0,0,0,1,1,1,-1,1,1,1,1,1,1,0,0,0,1,1,0,0,-1
206,1,2,2,1,-1,-1,1,1,1,1,0,1,1,-1,-1,1,1,1,1,1,1,1,1,1,-1,-1,1,4,-1
207,2,2,-2,-2,1,1,2,1,2,0,-1,1,1,1,-1,1,1,1,1,1,1,0,0,1,2,0,1,4,-1
208,1,1,2,-1,1,-1,1,1,1,1,-1,1,-1,-1,-1,1,1,1,-1,0,-1,1,-1,2,0,0,1,0,0
209,-2,2,2,2,2,1,1,1,1,1,-1,1,1,1,1,1,1,1,1,1,1,0,0,1,-1,1,0,4,1
210,2,-2,2,2,2,-1,1,1,2,0,0,1,1,1,-1,1,1,-1,-1,1,-1,0,0,0,-2,0,-1,0.5,-1
211,-2,1,2,2,1,1,2,1,1,1,0,1,1,1,0,1,1,1,1,1,-1,1,1,1,1,0,1,3,-1
212,1,2,2,-1,2,1,2,1,1,1,-1,1,1,1,1,1,1,1,1,-1,1,0,0,1,-2,0,1,2,-1
213,1,1,1,2,-1,1,2,1,1,1,0,1,1,1,-1,1,1,1,1,1,1,-1,-1,1,1,0,1,2,-1
214,1,2,2,-2,-1,1,1,1,1,1,0,1,1,-1,0,1,1,1,-1,1,1,0,0,1,1,0,0,0.5,-1
215,2,2,1,2,2,1,2,-1,0,0,-1,1,1,1,-1,1,1,1,1,1,1,0,0,2,2,1,1,2,0
216,1,-1,2,2,-1,-1,2,1,1,1,-1,1,1,-1,1,1,1,0,0,1,1,0,0,-1,-1,0,-1,0.5,-1
217,1,2,1,2,0,1,2,1,1,-1,0,1,1,1,-1,1,1,1,1,1,1,0,0,1,1,-1,0,4,-1
218,2,1,1,1,2,1,1,1,2,0,-1,1,1,1,-1,1,1,1,1,1,1,0,0,2,2,0,1,1,-1
219,-2,-2,2,1,1,1,2,-1,0,0,-1,1,1,-1,1,1,1,-1,-1,1,-1,0,0,-2,-2,-1,0,5,0
220,2,-2,2,2,2,1,1,1,2,0,-1,1,1,1,1,1,1,1,1,1,-1,0,0,2,1,0,0,0.5,0
221,1,1,2,1,1,1,2,1,2,0,-1,-1,-1,-1,1,1,1,-1,1,-1,-1,0,0,-2,1,0,0,0,-1
222,1,2,2,-1,1,1,2,-1,0,0,-1,1,1,-1,1,1,1,1,1,1,-1,0,0,-1,2,-1,0,0.5,-1
223,-1,2,1,1,2,1,1,1,2,0,-1,1,1,-1,-1,1,1,1,1,1,1,0,0,1,2,0,1,2,-1
224,1,1,2,2,-1,1,1,1,2,0,-1,1,-1,-1,1,1,1,1,1,1,-1,0,0,1,1,0,-1,0.5,-1
225,2,2,-2,-1,2,1,2,-1,0,0,-1,1,1,1,-1,1,1,1,-1,1,1,0,0,1,1,1,0,3,0
226,-1,2,1,1,-2,-1,1,1,1,1,1,-1,-1,-1,-1,0,1,0,-1,1,-1,0,0,1,1,0,0,5,-1
227,1,1,2,2,2,-1,2,1,1,1,1,1,-1,-1,1,-1,1,-1,-1,-1,-1,-1,-1,2,1,0,1,2,-1
228,2,-2,1,2,-2,1,2,1,1,1,1,1,1,-1,1,1,1,1,1,1,1,0,0,-2,1,0,-1,0.5,0
229,2,2,2,-2,2,1,2,-1,0,0,-1,1,1,1,-1,1,1,1,1,1,0,0,0,1,2,1,0,5,0
230,1,2,2,2,2,1,-2,1,2,0,1,1,1,1,1,1,1,1,1,1,-1,0,0,-1,-1,0,-1,0.5,-1
231,2,2,2,2,2,0,2,1,2,0,0,-1,-1,0,1,1,1,-1,-1,1,1,0,0,-1,-1,0,1,0.5,-1
232,1,0,2,2,-1,1,2,-1,0,0,-1,1,0,-1,-1,1,1,-1,1,1,-1,0,0,-2,1,0,0,1,-1
233,-2,1,2,1,-2,-1,2,1,2,0,0,-1,-1,-1,1,1,1,1,-1,1,-1,0,0,-2,1,0,1,2,-1
234,1,1,-1,2,2,1,-1,1,1,1,-1,-1,-1,-1,1,1,1,1,1,1,1,-1,-1,2,1,0,1,2,-1
235,2,2,1,1,2,1,1,1,1,-1,0,1,1,1,1,1,1,1,1,1,1,1,1,1,1,0,1,4,0
236,-2,-2,2,-1,-2,-1,1,1,1,1,0,1,-1,-1,1,1,1,1,1,1,1,1,-1,-2,-2,0,1,0.5,-1
237,-2,1,2,1,-1,-1,-1,-1,0,0,0,1,1,1,-1,1,1,-1,1,1,1,0,0,-1,1,1,0,1,-1
238,-1,1,2,2,2,1,2,1,2,0,1,1,1,-1,1,1,1,-1,-1,-1,-1,0,0,-1,1,-1,-1,0.5,0
239,1,1,2,2,2,1,2,1,2,0,1,1,1,1,1,1,1,1,1,1,0,0,0,1,2,0,1,0,-1
240,-2,2,2,2,-2,1,2,-1,0,0,1,1,-1,-1,1,1,1,0,-1,1,-1,0,0,-1,1,-1,-1,0.5,0
241,2,-1,2,2,-2,-1,2,1,2,0,-1,1,-1,-1,1,1,1,1,-1,-1,-1,0,0,-2,1,0,-1,0.5,-1
242,2,2,2,2,-1,-1,1,1,2,0,0,1,1,0,-1,1,1,1,1,1,1,0,0,2,-2,-1,-1,2,0
243,-2,-1,2,2,-2,0,2,1,2,0,0,-1,-1,-1,-2,-2,-2,-1,-2,-1,-1,0,0,1,-1,0,1,1,0
244,2,2,1,2,1,1,1,1,1,-1,-1,1,1,1,1,1,1,1,1,1,1,0,0,-1,0,1,0,4,-1
245,1,2,2,1,2,1,2,1,2,0,0,1,1,-1,1,1,1,1,0,1,1,0,0,1,1,0,1,0.5,-1
246,2,1,2,-1,-1,1,2,1,1,1,-1,1,1,1,1,1,1,1,1,1,1,0,0,2,1,0,0,2,-1
247,2,1,2,2,2,1,2,1,2,0,-1,1,1,1,1,1,1,1,1,1,1,0,0,-2,-1,0,1,2,-1
248,1,2,2,2,-1,0,2,1,1,1,-1,1,1,1,-1,1,1,-1,-1,1,-1,0,0,-1,1,0,-1,0.5,0
249,2,1,2,1,2,1,1,-1,0,0,1,-1,1,-1,1,1,1,1,-1,1,-1,0,0,-2,-2,-1,0,0,0
250,2,-2,2,1,2,1,2,1,1,-1,-1,1,1,1,1,1,1,1,1,1,1,1,1,2,1,0,1,5,-1
251,2,1,-1,1,2,1,2,1,2,0,-1,1,1,1,-1,1,1,1,1,1,1,0,0,2,2,0,1,3,-1
252,1,2,1,-2,-2,1,-1,1,1,1,0,1,-1,-1,1,1,1,1,1,1,1,0,0,-2,-2,0,1,2,1
253,2,-1,2,2,1,1,1,-1,0,0,-1,1,1,1,-1,1,1,1,1,1,1,0,0,1,2,-1,0,0,0
254,1,2,2,2,1,1,2,-1,0,0,-1,1,1,1,1,1,1,1,1,1,1,0,0,-2,2,-1,0,5,1
255,-1,-1,2,2,-1,-1,2,-1,0,0,1,1,1,-1,1,-1,1,1,-1,-1,-1,0,0,-1,-1,0,1,1,-1
256,1,2,2,2,1,1,2,1,1,1,0,1,1,-1,1,1,1,1,1,1,1,0,0,1,-1,0,1,1,1
257,2,2,-1,2,1,-1,1,1,2,0,0,1,1,-1,0,1,1,1,1,1,-1,0,0,2,2,0,0,0,0
258,-1,-1,2,2,-1,1,2,1,1,1,-1,1,1,1,1,1,1,1,1,1,1,0,0,-2,2,0,1,1,0
259,1,1,2,2,-1,1,1,1,1,-1,1,1,1,-1,1,1,1,-1,0,1,0,1,1,1,-1,-1,-1,1,-1
260,-2,-1,2,1,-2,0,2,-1,0,0,-1,-1,-1,-1,1,-1,1,0,-1,-1,-1,0,0,-1,-1,0,1,1,-1
261,2,2,1,-1,2,1,1,-1,0,0,-1,1,1,1,-1,1,1,1,1,1,1,0,0,2,2,-1,1,5,1
262,2,2,-2,-2,2,1,1,1,2,0,-1,1,1,1,1,1,1,1,1,1,1,0,0,2,2,0,1,0,-1
263,-2,-2,2,1,2,-1,-2,1,2,0,0,1,1,1,1,1,1,0,1,1,1,0,0,-2,-2,0,1,5,-1
264,1,2,2,1,1,1,-2,1,2,0,0,1,1,1,1,1,1,1,1,1,1,0,0,1,2,-1,-1,0,0
265,1,1,2,1,1,1,-1,1,2,0,0,1,1,1,-1,1,1,0,1,1,1,0,0,1,1,0,-1,0.5,-1
266,1,1,2,1,-1,1,2,1,1,1,1,1,1,1,0,1,1,1,1,1,1,0,0,-2,1,0,1,2,1
267,2,1,1,2,1,1,2,-1,0,0,0,0,-1,-1,1,1,1,1,1,1,1,0,0,2,2,1,0,2,-1
268,1,1,2,2,1,1,1,1,2,0,0,1,1,-1,1,1,1,1,-1,1,1,0,0,-1,1,-1,-1,0.5,0
269,2,-2,2,2,1,-1,-2,1,2,0,-1,-1,1,-1,1,1,1,1,-1,1,-1,0,0,-2,-2,0,-1,0.5,-1
270,-1,2,2,2,-1,1,2,-1,0,0,1,1,-1,-1,1,1,1,1,1,1,1,0,0,1,-1,0,1,2,0
271,-1,2,2,2,1,1,2,1,1,1,0,1,1,1,1,-1,1,-1,-1,1,-1,1,1,2,2,0,-1,2,-1
272,1,1,1,1,1,1,1,1,1,1,1,0,-1,-1,-1,1,1,1,1,1,1,1,1,1,1,0,1,0.5,0
273,1,2,2,2,1,1,-2,-1,0,0,-1,1,1,-1,1,1,1,1,-1,1,-1,0,0,1,1,-1,-1,2,0
274,1,1,2,2,-1,-1,2,1,1,1,1,1,1,-1,1,1,1,-1,-1,-1,-1,1,-1,1,1,0,0,3,-1
275,1,1,2,2,-1,-1,2,1,1,1,1,-1,-1,-1,1,-1,1,-1,-1,-1,-1,1,-1,-2,1,0,-1,0.5,0
276,-1,-1,-1,-1,-1,1,-1,-1,0,0,0,1,-1,-1,-1,1,1,-1,1,1,-1,0,0,1,-1,1,0,3,0
277,-1,1,2,2,2,1,2,1,1,1,1,1,1,-1,1,1,1,1,1,1,-1,0,0,1,-1,0,1,5,0
278,1,2,2,-1,-2,1,1,1,1,-1,-1,1,1,1,1,1,1,1,1,1,-1,1,1,1,2,-1,1,2,0
279,2,2,1,2,0,1,1,1,2,0,-1,1,1,-1,-1,1,1,1,1,1,1,0,0,2,1,0,1,2,-1
280,1,-1,2,2,2,1,2,-1,0,0,-1,1,1,-1,-1,1,1,1,1,1,1,0,0,1,1,1,0,3,0
281,2,1,2,1,1,1,1,1,2,0,-1,-1,1,0,1,1,1,1,1,1,1,0,0,1,1,0,-1,0.5,-1
282,1,1,2,-1,1,1,1,-1,0,0,-1,1,1,-1,-1,1,1,1,1,1,1,0,0,2,-1,-1,0,0,0
283,1,-2,-2,1,1,-1,2,-1,0,0,0,1,-1,-1,1,1,1,1,1,1,-1,0,0,-1,1,1,0,1,0
284,2,2,1,1,1,1,1,1,1,1,0,0,0,-1,-1,1,1,1,1,1,-1,1,-1,1,-2,0,1,0.5,-1
285,2,2,2,2,-1,-1,1,1,1,1,0,1,1,-1,-1,1,1,1,1,1,-1,0,0,1,2,-1,-1,1,0
286,-2,-2,2,2,-2,1,2,-1,0,0,1,1,-1,-1,1,-1,1,1,1,-1,-1,0,0,-2,1,0,-1,0.5,0
287,2,1,2,2,2,1,2,1,1,1,1,-1,-1,-1,1,-1,1,1,-1,-1,-1,1,-1,-2,2,0,1,5,-1
288,1,1,1,1,1,1,-1,1,1,-1,0,1,1,-1,-1,1,1,1,1,1,1,0,0,1,-1,0,1,4,-1
289,-2,2,-2,1,2,-1,2,-1,0,0,-1,1,1,-1,-1,1,1,-1,1,1,1,0,0,-2,1,1,0,4,0
290,2,-2,-2,2,2,1,-2,1,1,-1,-1,1,1,1,-1,1,1,1,1,1,1,1,1,2,2,-1,1,3,-1
291,-1,2,2,2,-1,-1,2,1,1,1,1,1,1,-1,-1,1,1,1,-1,1,-1,0,0,-1,0,-1,-1,2,1
292,2,1,2,2,2,1,2,1,1,1,1,-1,-1,-1,1,1,1,1,1,1,-1,1,-1,1,1,1,0,3,1
293,2,2,1,1,1,-1,2,1,1,-1,0,1,1,1,-1,1,1,1,1,1,1,1,1,1,2,0,1,2,-1
294,2,-1,2,-1,-1,1,-2,1,1,-1,-1,1,1,1,-1,1,1,1,1,1,1,0,0,1,2,1,0,0.5,0
295,2,2,2,2,2,1,2,-1,0,0,1,1,-1,-1,1,1,1,1,1,1,-1,0,0,2,1,1,0,2,-1
296,1,2,2,2,1,1,2,1,1,1,-1,1,1,-1,1,1,1,1,1,1,-1,1,-1,-1,0,-1,0,0,0
297,2,-1,2,2,2,1,2,-1,0,0,-1,-1,-1,1,1,1,1,1,1,1,-1,0,0,1,2,0,-1,0,-1
298,2,2,1,-1,1,1,1,1,1,1,-1,1,1,1,1,1,1,1,1,1,-1,0,0,2,2,0,1,3,-1
299,2,1,2,2,2,0,0,1,1,1,-1,1,1,1,1,1,1,1,0,1,-1,0,0,1,1,0,1,2,-1
300,2,1,2,2,2,1,1,-1,0,0,-1,1,1,-1,-1,1,1,1,1,1,1,0,0,2,1,-1,0,4,1
301,-2,-2,-1,-1,2,1,2,-1,0,0,-1,1,1,1,1,1,1,1,1,1,1,0,0,-2,1,1,0,0.5,0
302,-2,2,2,2,-2,1,-2,-1,0,0,-1,1,1,1,0,1,1,1,1,1,1,0,0,-2,2,1,0,2,-1
303,1,2,1,1,1,1,1,-1,0,0,0,1,1,1,-1,1,1,1,1,1,1,0,0,1,2,-1,0,2,0
304,-2,2,2,2,-2,0,2,1,2,0,1,1,1,1,1,1,1,1,1,1,1,0,0,1,1,0,-1,0.5,-1
305,-1,-1,1,2,-1,1,2,-1,0,0,-1,1,1,-1,1,1,1,-1,1,1,1,0,0,2,2,0,1,4,0
306,-2,1,2,2,-2,-1,1,-1,0,0,1,1,1,-1,1,1,1,1,1,-1,-1,0,0,-1,2,0,-1,0.5,-1
307,2,-2,2,2,0,1,2,1,2,0,1,-1,1,-1,1,1,1,1,1,1,-1,0,0,-2,-1,0,1,1,0
308,-2,-1,1,2,1,1,-1,1,2,0,1,-1,-1,-1,-1,1,-1,-1,-1,1,1,0,0,1,-2,0,-1,0.5,-1
309,2,-1,2,2,2,1,2,1,1,1,0,1,1,1,-1,1,1,1,1,1,1,0,0,1,2,1,0,4,0
310,2,1,2,1,1,1,2,-1,0,0,-1,1,-1,-1,1,1,1,1,1,1,1,0,0,1,1,0,1,3,1
311,1,1,2,1,2,1,-1,1,1,-1,1,1,1,-1,1,1,1,1,1,1,1,0,0,-1,-1,0,1,2,-1
312,2,2,2,2,1,1,2,1,1,-1,0,1,1,-1,1,1,1,1,1,1,1,1,1,1,2,0,1,2,-1
313,2,2,1,2,1,1,1,-1,0,0,-1,1,1,1,-1,1,1,1,1,1,1,0,0,2,2,1,0,1,1
314,2,1,2,2,1,1,1,1,1,1,-1,1,1,1,1,1,1,1,1,1,1,1,1,-1,-1,-1,1,5,-1
315,2,2,2,2,2,1,1,-1,0,0,-1,1,1,1,1,1,1,1,1,1,1,0,0,1,1,0,1,0.5,0
316,-1,2,2,2,-2,0,2,1,1,-1,1,1,1,1,1,1,1,-1,-1,1,-1,0,0,-1,2,0,1,0.5,-1
317,1,1,2,2,1,1,2,1,1,1,-1,1,1,-1,1,1,1,1,1,1,-1,1,-1,1,1,0,1,1,-1
318,1,2,1,2,1,1,2,-1,0,0,-1,1,1,1,1,1,1,1,1,1,1,0,0,2,2,0,1,2,-1
319,-1,-1,2,2,2,-1,2,1,1,1,1,1,1,-1,1,1,1,-1,-1,1,-1,1,-1,-2,-1,0,-1,0.5,-1
320,2,2,0,2,2,1,2,1,2,0,-1,1,1,1,1,1,1,1,1,1,1,0,0,2,2,-1,-1,0.5,0
321,-1,1,2,2,1,1,2,1,1,1,-1,1,1,-1,1,1,1,-1,-1,1,-1,0,0,1,1,0,1,2,0
322,-2,2,2,2,0,1,-1,1,2,0,0,1,1,-1,1,1,1,0,-1,-1,1,0,0,1,2,0,-1,0.5,0
323,-1,1,1,2,1,-1,2,1,2,0,-1,1,1,0,1,1,1,1,1,1,1,0,0,1,1,0,-1,0.5,-1
324,-1,2,-1,2,2,1,1,1,2,0,0,1,-1,0,1,1,1,0,1,1,0,0,0,2,2,-1,1,3,1
325,0,2,0,2,2,1,2,1,1,-1,-1,-1,-1,-1,-1,1,1,1,-1,1,1,0,0,1,1,1,0,0,-1
326,2,-1,2,2,2,1,2,1,1,1,-1,1,1,1,1,1,1,-1,1,1,1,1,1,-2,2,0,1,4,-1
327,2,2,2,2,2,1,2,1,2,0,-1,1,1,-1,-1,1,-1,1,-1,1,1,0,0,2,-2,0,-1,0.5,-1
328,2,1,2,1,1,-1,2,1,1,1,0,1,1,1,1,1,1,1,1,1,1,1,-1,-1,-1,0,1,2,-1
329,2,2,2,2,-2,-1,2,1,1,1,1,0,0,0,1,-1,1,0,-1,-1,-1,-1,-1,-1,1,0,1,0.5,-1
330,1,1,1,2,-2,0,2,1,2,0,0,1,1,0,1,1,1,1,0,1,-1,0,0,-1,2,0,1,0.5,-1
331,1,2,2,2,1,1,-1,1,2,0,0,1,1,1,1,1,1,1,1,-1,1,0,0,1,1,0,1,3,-1
332,2,2,2,2,2,-1,0,1,1,1,1,-1,-1,-1,-1,1,-1,-1,-1,-1,-1,-1,-1,2,1,0,1,2,-1
333,1,-1,2,2,1,1,2,1,1,1,-1,1,1,-1,1,-1,1,-1,-1,-1,-1,1,-1,-1,2,0,1,2,-1
334,2,2,2,2,2,1,2,-1,0,0,1,1,1,0,1,1,1,0,0,1,-1,0,0,0,-2,-1,-1,0.5,0
335,2,2,1,1,1,1,1,1,1,1,0,1,1,1,-1,1,1,1,1,1,1,-1,-1,1,2,-1,0,2,0
336,1,1,2,2,1,-1,2,-1,0,0,1,1,-1,0,1,1,1,1,0,-1,-1,0,0,1,1,-1,0,0,0
337,1,2,2,2,1,1,2,1,1,1,-1,1,1,-1,1,1,1,1,1,1,1,1,1,1,2,-1,1,3,0
338,-1,-1,2,2,-1,-1,2,1,1,1,1,-1,-1,-1,1,-1,1,-1,-1,-1,-1,1,-1,-1,-1,0,1,0.5,-1
339,2,2,2,-1,-1,1,2,1,2,0,-1,1,1,1,1,1,1,1,1,1,1,0,0,1,2,1,-1,3,-1
340,1,2,-2,-1,-1,1,-1,1,1,1,0,1,1,-1,-1,1,1,1,-1,1,1,1,1,1,1,0,1,1,-1
341,1,2,2,2,1,1,2,1,2,0,0,1,1,1,1,1,1,1,1,1,-1,0,0,-2,-2,-1,1,3,0
342,-1,1,2,1,1,1,2,1,1,-1,0,1,1,0,0,1,1,1,1,1,1,0,0,-1,-1,0,1,1,-1
343,1,-1,1,1,2,1,1,1,1,1,-1,1,1,1,-1,1,1,1,1,1,-1,0,0,-1,1,0,1,2,0
344,2,1,2,-1,-1,1,-1,-1,0,0,0,1,1,0,-1,1,1,1,-1,1,1,0,0,1,2,0,0,0,0
345,-1,1,2,2,-1,1,2,1,2,0,-1,1,1,1,1,1,1,1,-1,1,-1,0,0,-2,2,0,1,3,-1
346,-1,-1,2,1,-1,-1,2,1,1,-1,1,-1,-1,-1,1,-1,1,-1,-1,-1,-1,0,0,-2,1,0,-1,0.5,-1
347,-1,-1,1,1,1,1,2,-1,0,0,-1,1,1,1,-1,1,1,1,1,1,1,0,0,1,1,0,0,4,0
348,0,1,-1,1,1,-1,2,1,1,1,1,1,1,1,1,1,1,1,1,1,1,1,-1,1,-1,0,-1,0.5,-1
349,1,1,2,2,2,1,1,1,1,1,0,1,1,1,1,1,1,1,-1,1,1,0,0,-1,2,1,0,2,0
350,1,2,2,2,2,1,2,1,2,0,1,1,1,-1,1,1,1,1,1,-1,-1,0,0,-2,2,-1,-1,2,0
351,-1,-1,-1,-1,1,1,1,1,1,1,0,1,1,0,-1,1,1,1,0,1,1,1,-1,1,-1,0,1,0.5,-1
352,2,-1,1,2,1,1,2,1,2,0,1,1,-1,-1,1,1,1,1,1,-1,1,0,0,1,-1,0,1,0.5,-1
353,2,2,1,1,1,1,1,-1,0,0,-1,1,1,1,1,1,1,1,1,1,1,0,0,2,1,0,1,0,-1
354,2,1,2,2,2,1,2,1,1,1,1,1,1,-1,1,1,1,1,1,-1,1,1,-1,-1,1,0,-1,0.5,-1
355,2,2,1,1,1,1,2,-1,0,0,-1,1,1,1,1,1,1,1,1,1,1,0,0,2,2,1,0,1,0
356,1,1,-1,2,-1,1,1,1,2,0,-1,1,1,-1,1,1,1,1,1,1,1,0,0,1,2,1,-1,3,-1
357,1,2,2,2,2,1,-1,1,2,0,0,1,-1,-1,1,1,1,1,1,1,-1,0,0,-1,-2,0,0,0,0
358,1,1,2,2,-2,-1,2,1,1,-1,0,1,1,-1,1,1,1,1,-1,1,-1,0,0,2,0,0,-1,0.5,0
359,2,-2,2,2,2,1,-1,-1,0,0,-1,1,1,1,-1,1,1,-1,-1,1,-1,0,0,-1,1,-1,0,0,0
360,-1,2,2,2,0,1,-2,1,1,1,0,1,1,1,1,1,1,1,1,1,-1,1,-1,2,-2,-1,1,2,0
361,1,1,2,2,0,1,2,-1,0,0,-1,1,1,-1,-1,1,1,0,0,0,-1,0,0,-2,1,-1,1,1,0
362,-1,-1,1,1,-2,1,1,-1,0,0,0,1,0,-1,-1,1,1,1,1,1,1,0,0,1,1,-1,0,0.5,0
363,2,2,2,1,-2,-1,2,1,1,1,-1,1,1,1,1,1,1,1,1,1,-1,1,1,2,-2,0,-1,0.5,0
364,1,-1,2,1,-1,1,1,1,2,0,-1,1,1,-1,1,1,1,1,1,1,-1,0,0,1,1,0,-1,0.5,-1
365,1,1,2,-1,-2,-1,-1,1,2,0,0,1,1,-1,-1,1,1,1,1,1,1,0,0,1,1,0,1,5,-1
366,-2,-1,2,2,-2,0,2,1,1,1,0,0,0,0,1,-1,1,-1,-1,-1,-1,1,-1,-2,1,0,-1,0.5,0
367,1,1,2,2,1,1,2,1,1,1,-1,1,1,-1,1,0,1,-1,-1,-1,-1,-1,-1,-1,-1,0,-1,0.5,-1
368,1,1,2,2,1,1,2,1,2,0,1,1,1,-1,1,1,1,1,1,1,-1,0,0,-1,1,0,1,1,-1
369,2,2,2,2,2,-1,2,1,2,0,0,1,1,-1,1,1,1,1,1,-1,1,0,0,2,1,-1,-1,1,0
370,-1,1,2,1,1,0,1,-1,0,0,0,1,1,-1,1,1,1,1,1,1,1,0,0,1,0,0,1,2,-1
371,-1,-1,2,2,-1,-1,2,1,2,0,1,-1,-1,-1,1,1,1,-1,-1,-1,-1,0,0,-2,1,0,-1,1,-1
372,2,2,1,1,-1,1,1,1,2,0,-1,1,1,1,1,1,1,1,1,1,1,0,0,2,2,1,1,2,0
373,-2,2,1,1,2,1,2,1,2,0,-1,1,1,1,0,1,1,1,1,1,-1,0,0,1,-1,0,1,1,-1
374,-2,2,2,2,2,1,-1,1,1,1,-1,-1,-1,-1,1,1,1,1,1,1,1,-1,1,-2,1,0,1,2,-1
375,2,2,-2,-1,2,1,2,1,1,1,-1,1,1,1,1,1,1,1,1,1,1,0,0,1,1,-1,1,0.5,1
376,-2,-1,2,2,-2,1,2,1,1,1,1,1,0,-1,1,1,1,1,1,1,-1,1,-1,-1,-1,1,1,1,0
377,1,1,2,-1,1,1,1,-1,0,0,-1,1,-1,-1,1,1,1,1,1,1,1,0,0,2,2,1,0,0.5,1
378,-1,-1,2,2,-1,-1,2,1,1,1,1,-1,1,-1,-1,-1,1,-1,-1,1,-1,1,-1,1,-1,0,-1,0.5,0
379,2,2,2,1,2,1,2,-1,0,0,1,1,1,-1,-1,1,1,1,1,1,1,0,0,2,2,0,0,5,-1
380,1,1,2,2,1,1,1,-1,0,0,-1,1,1,-1,1,1,1,1,1,1,1,0,0,-1,1,-1,1,0.5,0
381,1,-1,2,2,-1,-1,2,1,2,0,1,1,-1,-1,1,-1,1,-1,-1,-1,-1,0,0,2,2,0,-1,0.5,-1
382,2,2,2,-2,1,1,2,1,1,-1,-1,1,1,1,1,1,1,1,1,1,-1,1,1,1,-1,0,1,3,-1
383,-1,2,1,2,1,1,2,-1,0,0,-1,1,1,1,1,1,1,1,1,1,1,0,0,-1,1,0,-1,1,-1
384,-1,2,2,2,-1,1,2,1,1,1,0,1,1,-1,1,1,1,1,1,1,1,1,1,-1,-1,0,1,2,-1
385,-1,2,-1,-1,2,1,-1,1,1,1,0,1,1,1,1,1,1,1,1,1,1,1,1,1,-1,0,1,3,0
386,1,-1,2,2,2,-1,2,1,2,0,-1,1,1,-1,1,1,1,-1,-1,1,-1,0,0,1,2,0,1,2,-1
387,1,2,2,2,1,-1,2,1,1,1,1,1,1,-1,1,1,1,-1,1,1,-1,0,0,1,2,0,-1,0.5,0
388,1,1,2,2,1,1,2,1,1,1,-1,1,1,1,-1,1,1,-1,1,1,-1,1,1,-2,-2,0,-1,0.5,-1
389,-1,0,2,2,-1,-1,2,1,2,0,1,1,0,-1,1,1,1,-1,-1,1,-1,0,0,-2,-2,0,0,0,0
390,2,1,-1,-1,1,1,1,-1,0,0,-1,1,1,1,1,1,1,1,1,1,1,0,0,2,2,1,0,4,0
391,2,2,2,-1,-1,1,1,1,1,1,-1,1,1,-1,-1,1,1,1,1,1,1,0,0,1,-1,-1,-1,2,-1
392,1,1,2,2,2,1,-2,1,1,1,0,1,1,-1,1,1,1,-1,1,1,-1,-1,-1,1,-1,0,1,2,-1
393,2,1,2,1,2,1,2,-1,0,0,-1,1,1,-1,1,1,1,1,1,1,1,0,0,2,1,1,0,3,1
394,2,2,1,2,2,1,2,-1,0,0,-1,1,-1,-1,1,-1,1,1,1,1,1,0,0,-2,2,1,0,2,0
395,2,-1,1,1,1,1,-1,-1,0,0,-1,1,1,1,-1,1,1,1,1,1,1,0,0,1,-1,1,0,0.5,0
396,1,1,1,2,-1,1,1,1,2,0,-1,1,1,-1,1,1,1,1,1,1,-1,0,0,1,1,0,-1,1,-1
397,2,1,2,-1,0,1,-2,1,1,-1,-1,1,1,1,1,1,1,1,1,1,1,-1,-1,2,2,0,0,0.5,-1
398,-2,-2,-2,2,2,0,2,1,1,1,1,-1,-1,-1,1,1,1,1,-1,-1,-1,1,-1,-2,-1,0,1,2,0
399,2,-2,2,1,1,0,1,1,2,0,0,1,1,1,1,1,1,1,1,1,-1,0,0,2,-1,0,1,5,-1
400,-2,1,2,2,1,1,2,1,2,0,0,1,1,-1,-1,1,1,1,1,1,1,0,0,1,1,1,1,5,-1
401,2,2,2,1,-1,-1,2,1,2,0,1,1,-1,-1,1,1,1,1,1,-1,-1,0,0,2,-1,-1,0,0.5,-1
402,1,-1,1,1,-1,-1,0,1,2,0,0,1,1,-1,1,1,1,0,0,1,-1,0,0,0,2,0,1,4,0
403,1,2,2,2,-1,1,-1,1,1,1,0,1,1,-1,1,1,1,-1,-1,1,-1,1,1,1,2,0,1,3,-1
404,1,2,2,2,1,1,2,1,2,0,-1,1,1,-1,1,1,1,1,1,1,-1,0,0,-1,1,-1,1,2,-1
405,0,-2,2,2,1,-1,2,1,2,0,0,1,1,1,1,-1,1,-1,-1,-1,-1,0,0,-1,-2,0,-1,1,-1
406,1,2,2,1,2,1,1,-1,0,0,-1,1,1,1,1,1,1,1,1,1,0,0,0,1,1,0,-1,2,-1
407,-2,-1,2,2,-2,-1,2,1,2,0,1,-1,-1,-1,1,1,1,-2,-2,-1,-1,0,0,-1,1,1,1,0,-1
408,-1,-1,2,2,-2,1,2,1,1,1,1,-1,-1,-1,1,1,-2,-1,-1,-1,-1,-1,-1,-2,-1,0,1,1,-1
409,2,0,1,1,-1,1,2,-1,0,0,0,1,1,1,-1,1,1,1,1,0,1,0,0,1,2,0,1,1,0
410,2,2,2,-1,1,1,1,1,1,1,-1,1,1,-1,1,1,1,1,1,1,-1,-1,-1,2,1,1,0,2,-1
411,0,-2,2,2,2,1,1,1,1,1,0,1,1,-1,1,1,1,1,1,1,1,1,1,2,2,0,1,3,0
412,-1,2,2,2,-2,-1,2,1,1,1,1,-1,1,-1,1,-1,1,1,1,-1,-1,1,1,-2,1,0,1,5,0
413,2,2,-2,-2,2,-1,-1,-1,0,0,-1,1,1,1,-1,1,1,-1,1,1,1,0,0,1,-1,0,0,4,-1
414,2,2,2,-1,1,-1,-1,1,1,1,1,1,1,-1,-1,1,1,1,1,1,1,1,-1,2,2,0,1,5,0
415,-1,-2,2,2,-2,1,2,1,1,-1,0,1,1,-1,-1,1,1,1,1,1,1,0,0,2,2,-1,1,4,0
416,-1,1,1,2,-1,1,1,1,1,1,1,1,1,0,1,1,1,-1,1,0,-1,1,-1,-1,-2,0,-1,0.5,-1
417,1,2,2,2,2,1,2,-1,0,0,-1,1,1,1,1,1,1,1,1,1,1,0,0,0,2,0,1,0.5,-1
418,-1,1,2,2,1,0,2,1,1,1,1,1,1,-1,1,0,1,1,1,-1,-1,1,-1,1,-1,0,1,2,-1
419,1,-1,-2,-2,-1,1,1,-1,0,0,0,1,1,-1,1,1,1,1,1,1,1,0,0,1,1,0,1,2,0
420,2,1,-1,-1,1,1,2,1,2,0,-1,1,1,-1,1,1,1,1,1,1,1,0,0,2,1,1,1,2,-1
421,2,2,1,1,1,1,1,-1,0,0,-1,1,1,-1,1,1,1,1,1,1,-1,0,0,2,1,-1,1,5,-1
422,-2,1,1,2,0,1,-1,-1,0,0,0,1,1,-1,-1,1,1,-1,1,1,1,0,0,-1,1,0,1,2,-1
423,0,2,2,2,0,0,2,1,2,0,-1,1,1,1,1,-1,1,1,1,1,-1,0,0,-2,0,0,1,2,-1
424,2,-2,2,2,1,1,2,-1,0,0,1,1,-1,-1,1,1,1,1,1,1,1,0,0,1,2,-1,0,3,0
425,2,-2,-2,-2,2,1,-2,1,2,0,0,-1,-1,-1,1,1,1,1,1,1,-1,0,0,2,2,-1,0,2,-1
426,2,1,2,2,-2,1,2,1,1,1,0,1,1,-1,1,1,1,1,1,1,-1,1,-1,-2,1,0,1,2,1
427,-1,1,2,-1,-2,1,1,1,1,1,1,1,-1,-1,-1,1,1,1,1,1,1,-1,1,-1,2,0,1,1,-1
428,1,2,2,2,1,1,2,1,1,-1,0,1,1,-1,1,1,1,1,1,1,1,0,0,-1,2,0,1,2,0
429,-1,2,2,2,-1,-1,2,1,2,0,1,1,0,0,1,0,1,1,1,-1,-1,0,0,1,-2,0,-1,2,-1
430,2,2,-1,1,1,1,2,1,1,1,-1,1,1,1,-1,1,1,1,1,1,1,1,-1,-1,1,0,0,0,0
431,-2,2,2,2,-2,1,2,1,1,1,-1,1,1,-1,1,1,1,-1,1,1,-1,1,1,-2,2,-1,0,0,0
432,-1,-1,2,-1,-2,1,1,-1,0,0,1,1,-1,-1,1,1,1,1,1,-1,1,0,0,-1,-2,1,0,3,0
433,1,1,2,1,1,-1,2,1,1,1,-1,1,0,0,1,1,1,1,0,-1,-1,0,0,2,0,-1,1,1,0
434,1,-2,-1,-2,-2,1,-1,-1,0,0,-1,1,-1,-1,-1,1,1,1,1,1,1,0,0,1,-1,1,0,5,-1
435,2,-1,2,2,1,-1,-2,1,2,0,0,-1,-1,-1,1,-1,-1,-1,-1,1,-1,0,0,-1,-2,-1,-1,0.5,0
436,2,1,-2,1,-1,0,2,-1,0,0,0,1,1,1,1,1,1,1,1,1,1,0,0,2,2,0,0,2,-1
437,2,2,2,2,1,1,2,-1,0,0,-1,0,0,-1,1,1,1,0,0,1,0,0,0,-2,1,-1,0,0,0
438,1,1,-1,2,-1,-1,1,1,2,0,1,1,1,-1,-1,-1,1,1,1,1,-1,0,0,-1,-1,0,1,1,-1
439,1,1,1,2,2,1,1,1,1,-1,1,1,1,-1,1,1,1,1,1,1,1,0,0,1,-1,0,1,0.5,0
440,2,1,2,1,-1,1,2,1,1,1,-1,1,1,1,1,1,1,1,1,1,-1,-1,-1,1,2,0,1,2,0
441,1,2,2,2,1,1,2,-1,0,0,-1,1,1,-1,1,1,1,-1,-1,1,1,0,0,-2,-1,1,0,2,-1
442,2,1,2,2,1,1,2,1,1,1,-1,1,1,1,1,1,1,1,1,1,1,1,1,1,1,0,-1,2,-1
443,1,-1,2,2,1,1,-1,-1,0,0,1,1,-1,-1,1,1,1,-1,1,1,1,0,0,2,2,1,0,2,-1
444,-2,2,2,2,-1,1,2,1,1,1,0,-1,1,1,-1,1,1,1,1,1,-1,0,0,-2,-2,0,0,0.5,1
445,2,2,1,2,1,1,2,1,2,0,-1,1,1,1,1,1,1,1,1,1,-1,0,0,-1,1,0,1,2,-1
446,1,2,2,2,1,1,2,1,2,0,0,1,1,1,-1,1,1,1,1,1,1,0,0,-1,1,-1,1,4,0
447,1,2,2,2,1,-1,2,1,1,1,1,1,1,-1,1,1,1,1,1,1,-1,-1,-1,1,1,0,1,5,-1
448,-2,-2,-2,-2,-2,1,-2,1,1,1,1,-1,-1,-1,1,1,1,1,1,-1,0,1,1,-1,-1,0,1,0.5,-1
449,-2,1,2,2,1,1,1,1,1,1,1,1,1,1,1,1,1,1,1,1,1,1,-1,1,1,-1,1,4,-1
450,-2,1,2,2,1,1,1,1,2,0,1,1,1,-1,1,1,1,1,1,1,1,0,0,-1,1,-1,1,1,-1
451,-2,-2,-2,-2,-2,-1,-1,1,2,0,0,1,1,1,-1,1,1,1,1,1,1,0,0,-1,-2,0,1,5,-1
452,-2,-1,2,2,-2,1,2,1,2,0,1,1,-1,-1,1,1,1,-1,-1,-1,-1,0,0,-2,-1,0,1,0.5,-1
453,-1,2,2,2,1,-1,2,1,2,0,-1,-1,-1,-1,1,1,1,-1,-1,-1,-1,0,0,-1,1,0,-1,0.5,-1
454,2,2,2,2,2,1,2,1,2,0,1,1,1,1,1,1,1,1,1,1,-1,0,0,1,2,-1,1,2,0
455,-2,-2,2,1,-1,1,-2,1,1,1,-1,1,1,-1,-1,1,1,1,1,1,-1,-1,-1,-1,1,0,1,0.5,-1
456,-1,2,2,-1,2,1,2,1,2,0,0,1,1,-1,1,1,1,1,1,1,1,0,0,1,1,0,1,2,-1
457,2,-1,2,2,1,1,2,1,1,1,-1,1,0,-1,1,1,1,1,1,1,1,0,0,-1,-1,0,1,3,-1
458,-2,1,1,1,-2,1,-2,1,1,1,0,1,1,1,1,1,1,1,1,1,1,1,1,-2,1,0,1,2,0
459,-1,-1,2,2,-1,1,2,1,2,0,1,-1,-1,-1,1,1,1,1,-1,-1,-1,0,0,1,-1,0,-1,0.5,-1
460,2,2,2,1,1,1,2,1,1,-1,1,1,1,-1,1,1,1,1,1,1,1,1,-1,2,-1,1,1,3,-1
461,1,2,2,2,-2,1,2,1,1,1,1,1,1,-1,1,1,1,1,1,1,-1,1,-1,-2,-2,0,0,3,-1
462,1,-2,2,2,-2,-1,2,1,2,0,-1,0,0,-1,1,1,1,1,1,-1,-1,0,0,-1,1,-1,1,4,-1
463,2,2,2,2,2,1,-1,-1,0,0,-1,-1,1,-1,1,1,1,1,0,1,-1,0,0,1,1,0,-1,0.5,-1
464,1,1,2,2,1,1,2,-1,0,0,-1,1,1,-1,1,1,1,-1,1,1,-1,0,0,1,1,1,0,3,-1
465,-1,1,2,2,-1,0,2,1,1,1,-1,1,0,-1,1,1,1,1,1,1,-1,0,0,-2,2,0,1,4,-1
466,2,1,2,2,-1,1,2,-1,0,0,-1,1,-1,-1,1,1,1,1,1,1,1,0,0,2,-1,-1,0,2,0
467,-2,-2,2,2,-2,1,2,1,2,0,1,-1,-1,-1,-1,-1,-1,-1,-1,-1,-1,0,0,2,-2,0,-1,0.5,-1
468,0,2,2,2,-1,-1,2,1,1,1,1,1,1,-1,1,1,1,-1,-1,-1,-1,1,-1,0,1,0,-1,0.5,0
469,1,2,1,1,1,1,2,1,1,1,1,1,1,1,1,1,1,1,1,1,-1,1,-1,-2,-2,0,1,4,-1
470,-1,1,-2,-1,1,1,2,-1,0,0,-1,1,-1,1,-1,1,1,1,-1,1,1,0,0,2,-1,0,1,1,0
471,-2,-2,0,2,2,1,2,1,1,1,1,-1,-1,-1,1,-1,-1,-1,-1,-1,-1,1,1,-2,-1,0,-1,0.5,-1
472,1,-1,2,1,2,-1,1,-1,0,0,-1,1,1,-1,-1,1,1,1,1,1,1,0,0,1,2,0,1,5,-1
473,2,-1,2,2,1,1,-2,1,1,1,0,1,1,1,-1,1,1,1,1,1,1,1,1,1,1,0,1,0.5,-1
474,2,2,2,1,1,1,2,-1,0,0,0,1,1,1,-1,1,1,1,1,1,1,0,0,1,-2,0,1,0.5,0
475,1,1,2,2,1,1,2,1,1,1,0,1,1,-1,1,1,1,1,1,1,-1,0,0,1,2,0,1,0.5,0
476,-1,2,2,2,1,1,2,1,2,0,-1,1,0,-1,1,1,1,0,-1,1,-1,0,0,1,0,0,-1,0.5,-1
477,1,2,2,1,-1,1,2,-1,0,0,-1,1,1,-1,1,1,1,1,1,1,1,0,0,2,1,0,0,2,0
478,2,-1,2,2,-1,1,2,1,2,0,-1,1,1,-1,1,1,1,1,1,1,1,0,0,1,1,-1,-1,0.5,0
479,2,1,1,2,2,-1,1,1,2,0,1,-1,-1,-1,1,1,-1,-1,-1,1,-1,0,0,1,1,0,-1,0.5,-1
480,2,2,2,2,-1,1,2,1,1,1,1,1,1,-1,1,1,1,1,1,1,-1,1,1,2,2,-1,1,2,-1
481,1,2,2,2,1,0,2,-1,0,0,0,1,1,1,1,1,1,-1,1,-1,0,0,0,1,-2,1,1,1,-1
482,-2,2,2,1,-1,-1,2,1,1,1,1,0,0,-1,1,-1,1,1,-1,1,-1,1,-1,-2,-2,0,1,3,-1
483,-2,-1,2,1,-2,-1,2,1,2,0,1,-1,-1,-1,1,1,1,1,-1,-1,-1,0,0,-2,-2,0,-1,0.5,-1
484,2,2,2,2,2,1,1,-1,0,0,-1,1,1,-1,1,1,1,1,-1,1,1,0,0,2,1,1,0,5,1
485,2,2,2,1,1,1,2,1,1,1,-1,1,1,-1,1,1,1,1,1,1,1,0,0,1,1,1,0,1,0
486,1,1,1,1,2,1,2,1,2,0,-1,1,1,1,0,1,1,1,1,1,1,0,0,1,2,0,1,5,-1
487,-1,2,2,2,-1,1,2,1,1,1,1,1,1,1,1,1,1,1,1,-1,1,1,1,-2,2,0,-1,0.5,0
488,1,1,2,-1,1,1,1,1,2,0,1,1,1,-1,1,1,1,1,1,1,0,0,0,1,1,0,-1,0.5,-1
489,2,2,-2,1,-2,1,1,1,1,-1,-1,1,1,1,-1,1,1,1,1,1,1,0,0,1,2,0,-1,1,0
490,-2,1,2,2,-2,1,1,1,1,1,0,1,1,0,-1,1,1,-1,1,-1,-1,1,-1,1,-2,0,-1,0.5,-1
491,2,2,2,2,1,1,2,1,2,0,-1,1,1,1,1,1,1,1,1,1,1,0,0,1,1,0,1,0.5,-1
492,1,2,1,-1,-1,0,-1,1,1,1,-1,1,1,-1,1,1,1,1,1,1,1,-1,-1,1,1,0,1,0.5,0
493,-2,2,-1,2,-1,1,-1,1,1,1,-1,1,1,-1,-1,1,1,1,1,1,1,-1,1,-2,-2,1,0,5,-1
494,2,2,2,-1,1,1,1,1,1,-1,0,1,1,1,1,1,1,-1,-1,-1,-1,1,-1,2,2,-1,1,5,-1
495,2,1,1,2,2,1,0,1,2,0,1,-1,-1,-1,1,1,-1,1,1,1,-1,0,0,-1,1,0,1,2,-1
496,-2,-1,2,-1,-2,-1,-1,1,2,0,1,1,-1,-1,1,1,1,-1,-1,-1,-1,0,0,-2,-2,-1,-1,3,-1
497,2,-1,-2,-2,-1,-1,-2,1,2,0,1,-1,-1,-1,-1,-1,1,1,-1,-1,-1,0,0,2,-2,0,-1,1,-1
498,-1,1,2,1,-1,1,-1,-1,0,0,0,1,1,1,-1,1,1,1,1,1,0,0,0,1,1,0,0,4,0
499,2,-1,2,2,2,1,2,-1,0,0,0,1,1,0,1,1,1,-1,1,1,-1,0,0,-1,2,-1,0,0.5,0
500,2,2,2,1,2,1,-2,-1,0,0,0,-1,-1,-1,1,1,1,1,1,1,-1,0,0,-1,2,0,-1,0.5,-1
501,-1,2,2,2,2,1,2,1,2,0,-1,1,1,1,1,1,1,1,1,1,1,0,0,2,2,1,0,4,-1
502,2,1,1,-1,2,1,2,-1,0,0,0,1,1,-1,1,1,1,1,1,1,1,0,0,2,2,1,0,2,0
503,2,-1,-2,-1,2,1,-1,1,1,-1,-1,1,1,1,1,1,1,1,1,1,1,1,1,1,1,0,1,4,-1
504,2,1,2,-1,1,1,2,-1,0,0,-1,1,1,1,-1,1,1,1,1,1,1,0,0,1,-2,0,1,3,-1
505,2,2,2,2,2,1,2,1,2,0,-1,1,1,-1,1,1,1,1,1,1,1,0,0,2,-2,-1,-1,0.5,0
506,1,2,-1,1,-1,1,1,-1,0,0,-1,1,1,-1,1,1,1,1,1,1,1,0,0,2,1,-1,0,0.5,1
507,1,1,2,2,1,1,2,-1,0,0,0,1,1,1,1,1,1,1,1,1,1,0,0,-1,1,-1,0,2,0
508,2,2,2,-1,2,1,1,-1,0,0,-1,1,1,-1,1,1,1,1,1,1,1,0,0,2,2,1,0,2,0
509,1,-1,2,2,-1,1,2,1,1,1,-1,1,1,1,1,1,1,1,1,1,-1,-1,1,-1,-1,0,1,5,-1
510,0,2,0,2,2,0,1,1,2,0,-1,1,0,-1,1,1,1,1,0,1,-1,0,0,-1,2,0,-1,0.5,-1
511,0,0,1,0,1,-1,0,1,2,0,1,1,-1,-1,-1,1,1,1,0,0,-1,0,0,1,2,-1,-1,0.5,0
512,-1,-2,2,2,1,1,2,1,2,0,-1,1,1,-1,1,1,1,1,1,1,1,0,0,-1,-2,0,-1,1,-1
513,1,1,2,-1,1,1,-1,1,1,1,0,1,1,1,-1,1,1,1,1,1,-1,1,1,1,-2,0,1,4,0
514,-1,1,2,2,-1,-1,2,1,1,1,1,1,1,-1,1,-2,1,-1,-1,-1,-1,0,0,1,0,0,-1,0.5,0
515,-2,1,2,1,-1,1,1,1,2,0,1,1,1,1,1,1,1,1,1,1,1,0,0,1,-2,1,1,5,-1
516,-1,-1,2,1,-1,1,1,-1,0,0,0,1,1,-1,1,1,1,1,1,1,1,0,0,1,-1,0,1,3,-1
517,1,1,2,1,-2,1,2,1,2,0,-1,1,-1,-1,-1,1,-1,1,1,1,1,0,0,1,1,0,-1,0.5,-1
518,1,2,2,1,1,1,2,1,2,0,0,1,1,0,-1,1,1,1,1,1,1,0,0,-1,1,0,1,3,-1
519,1,1,1,1,-1,-1,1,1,1,1,-1,1,1,0,1,1,1,1,1,1,-1,1,1,1,1,0,0,0,0
520,2,2,2,2,1,-1,1,1,1,1,-1,-1,-1,-1,1,-1,1,1,1,1,-1,1,-1,1,1,0,1,1,-1
521,1,2,2,2,-1,-1,2,1,1,-1,-1,1,1,-1,1,1,1,-1,-1,1,-1,0,0,-1,1,0,1,1,-1
522,-1,2,2,2,2,1,1,1,1,1,-1,1,1,-1,-1,1,1,1,1,1,-1,1,-1,2,-1,-1,0,0.5,0
523,2,1,-1,2,2,-1,-2,-1,0,0,-1,-1,1,-1,-1,1,-1,-1,1,-1,-1,0,0,-1,-1,0,0,0,-1
524,2,1,2,-1,2,1,2,1,1,1,-1,1,1,-1,1,1,1,1,1,1,1,0,0,1,-2,0,0,2,-1
525,2,1,2,2,1,1,2,-1,0,0,1,1,1,-1,1,1,1,1,1,-1,-1,0,0,1,2,0,-1,0.5,0
526,1,2,1,2,1,1,2,-1,0,0,-1,1,1,1,1,1,1,1,1,1,1,0,0,1,2,0,-1,0.5,-1
527,-2,2,2,2,2,1,2,1,2,0,-1,1,1,1,1,1,1,1,1,-1,1,0,0,2,2,1,1,4,-1
528,1,2,2,1,2,1,1,1,2,0,0,1,1,-1,-1,1,1,1,-1,1,1,0,0,-2,-2,0,-1,0.5,-1
529,1,1,1,1,2,1,2,1,1,-1,-1,1,1,1,1,1,1,1,1,1,1,0,0,1,1,-1,1,2,1
530,1,0,2,2,-1,1,2,1,2,0,1,1,1,-1,1,1,1,1,1,1,-1,0,0,1,2,1,-1,2,-1
531,-1,1,2,2,1,1,1,1,1,1,1,1,1,-1,1,1,1,1,1,1,-1,1,1,-1,1,1,1,2,1
532,2,2,1,1,-1,1,-2,1,2,0,-1,1,1,1,1,1,1,1,1,1,-1,0,0,-1,-1,0,1,2,-1
533,1,2,2,2,-2,-1,2,-1,0,0,1,1,-1,-1,1,1,1,1,1,-1,1,0,0,2,-1,0,-1,0.5,-1
534,-1,1,2,-1,2,1,2,-1,0,0,1,1,1,-1,1,1,1,1,-1,1,1,0,0,-2,2,1,0,3,0
535,1,2,2,1,1,1,1,1,1,1,-1,1,1,1,-1,1,1,-1,1,1,1,0,0,-1,1,0,1,4,-1
536,2,1,1,1,2,1,-1,-1,0,0,0,1,1,-1,-1,1,1,1,1,1,1,0,0,1,2,-1,0,3,0
537,1,1,2,2,-1,1,1,1,2,0,-1,0,1,0,1,1,1,1,1,-1,1,0,0,-1,1,0,-1,0.5,0
538,2,2,1,1,1,1,1,1,1,1,0,1,1,-1,-1,1,1,1,1,1,1,1,-1,-1,-1,0,1,2,-1
539,1,1,2,2,-2,-1,2,1,2,0,-1,-1,-1,-1,1,1,1,-1,-1,1,-1,0,0,-1,2,0,0,0,0
540,1,1,2,1,1,1,2,1,1,1,0,1,1,-1,1,1,1,-1,-1,1,-1,1,1,1,1,0,-1,0.5,0
541,-1,1,2,1,1,1,1,-1,0,0,0,1,1,-1,0,-1,1,0,1,1,1,0,0,2,-2,1,0,2,-1
542,2,1,-1,-2,-1,1,-1,1,1,1,-1,1,-1,-1,1,1,1,-1,0,1,-1,0,0,-1,1,1,0,3,-1
543,1,2,2,1,1,1,1,-1,0,0,-1,1,1,-1,1,1,0,1,1,1,1,0,0,1,2,1,0,2,-1
544,2,1,2,2,1,-1,1,1,2,0,0,1,-1,-1,1,1,1,1,1,1,1,0,0,1,-1,0,-1,0.5,-1
545,0,2,2,2,0,0,2,1,1,1,0,1,1,1,1,1,1,1,1,1,-1,-1,-1,-1,1,0,-1,0.5,-1
546,1,1,2,2,-1,1,-1,1,2,0,0,1,1,1,-1,1,1,1,1,1,1,0,0,2,1,-1,1,3,0
547,1,2,2,1,1,1,1,1,1,1,-1,1,1,1,1,1,1,1,1,1,1,1,1,1,2,0,0,3,-1
548,1,2,1,2,1,1,2,1,1,1,0,1,1,1,1,1,1,1,1,1,1,1,1,2,1,0,1,1,-1
549,2,1,1,-2,2,-1,-1,1,1,1,-1,1,1,0,-1,1,1,1,1,1,1,0,0,2,1,1,1,3,-1
550,-2,1,-2,2,-1,1,-2,1,1,1,-1,-1,-1,-1,1,1,1,1,-1,1,-1,0,0,1,1,1,0,2,-1
551,1,1,1,1,1,-1,1,1,1,1,0,1,1,-1,1,1,0,1,1,1,0,-1,-1,1,1,0,1,1,-1
552,-1,1,2,2,1,1,2,-1,0,0,0,1,1,1,1,1,1,1,1,1,-1,0,0,1,1,-1,0,1,0
553,2,-1,2,1,2,1,2,-1,0,0,-1,1,1,-1,1,1,1,1,-1,1,-1,0,0,2,1,1,0,3,0
554,1,-1,2,2,1,1,2,1,2,0,1,1,1,0,1,1,1,1,1,1,0,0,0,0,1,0,1,0.5,-1
555,-1,-1,2,2,-1,1,2,1,2,0,0,1,1,1,1,1,1,1,1,1,-1,0,0,1,1,0,1,2,-1
556,-2,-1,2,2,-2,1,2,-1,0,0,-1,1,1,-1,1,1,1,1,1,1,1,0,0,1,-1,0,-1,0.5,-1
557,1,2,2,2,1,1,2,-1,0,0,-1,1,-1,-1,1,1,1,-1,1,1,1,0,0,1,1,-1,0,0.5,1
558,-2,2,-1,1,2,1,2,1,2,0,-1,1,1,-1,1,1,1,1,1,1,1,0,0,2,-2,0,1,5,-1
559,1,2,2,0,-1,1,1,1,2,0,0,1,1,-1,1,1,1,1,1,1,1,0,0,1,2,0,-1,1,0
560,-1,-2,2,1,-1,1,1,-1,0,0,1,1,1,-1,1,1,1,1,-1,-1,1,0,0,-1,1,1,0,2,1
561,-2,2,-1,1,-1,1,1,-1,0,0,0,1,1,-1,-1,1,1,1,1,1,1,0,0,-1,1,1,0,0.5,0
562,-1,1,1,1,-1,1,2,1,2,0,-1,1,1,-1,1,1,1,1,1,1,1,0,0,-1,2,0,1,5,-1
563,1,2,1,2,1,-1,2,1,2,0,0,1,1,1,1,1,1,1,1,1,1,0,0,2,2,0,-1,0.5,-1
564,-1,-1,2,-1,1,-1,1,-1,0,0,0,1,1,-1,-1,1,1,1,1,1,1,0,0,1,2,1,0,2,0
565,0,0,2,2,2,0,2,-1,0,0,1,-1,-1,-1,1,-1,-2,-1,-1,0,-1,0,0,2,2,-1,0,0.5,0
566,1,1,2,2,2,1,1,1,2,0,0,1,1,1,1,1,0,1,1,1,0,0,0,1,1,-1,1,1,0
567,1,2,2,2,1,1,2,1,1,1,0,1,1,-1,1,1,1,1,1,1,1,1,1,1,1,0,1,2,-1
568,1,1,1,-1,1,1,1,-1,0,0,0,1,1,-1,-1,1,1,1,1,1,1,0,0,1,1,1,0,4,0
569,2,2,2,2,1,1,2,1,1,1,-1,1,1,1,1,1,1,1,1,1,-1,0,0,2,1,0,-1,0.5,-1
570,-2,-1,2,2,0,-1,2,1,2,0,-1,1,-1,-1,1,1,1,-1,1,-1,-1,0,0,-1,2,-1,-1,0,-1
571,-2,-2,2,1,-2,1,2,1,2,0,0,1,1,1,1,1,1,1,1,1,1,0,0,-1,1,0,1,0.5,-1
572,2,2,2,2,-2,1,1,-1,0,0,-1,1,1,-1,1,1,1,-1,-1,1,1,0,0,1,2,-1,0,2,-1
573,1,2,2,2,2,1,1,1,1,1,1,1,-1,-1,1,-1,-1,-1,-1,-1,-1,-1,-1,-1,-1,0,-1,0.5,-1
574,2,2,-1,-1,2,1,1,1,1,-1,-1,1,1,1,-1,1,1,1,1,1,1,1,1,2,2,0,1,2,0
575,-2,-2,2,2,-2,-1,2,1,1,1,1,1,1,-1,1,1,1,-1,1,1,-1,1,-1,-1,-1,0,-1,0.5,-1
576,-1,-1,2,2,-1,1,-1,1,2,0,-1,1,1,1,1,1,1,0,1,1,1,0,0,1,2,-1,1,1,-1
577,-2,-1,2,-2,1,1,2,1,1,1,0,1,1,1,-1,1,1,1,1,1,1,1,1,-2,-2,0,1,5,-1
578,2,-1,0,2,0,0,-2,-1,0,0,1,1,1,-1,0,1,1,0,1,1,1,0,0,-2,-2,0,1,2,-1
579,1,2,2,2,2,1,2,1,1,1,-1,1,1,-1,1,1,1,1,1,1,1,1,1,-1,1,0,0,2,0
580,-1,2,2,2,-1,1,2,1,2,0,-1,1,1,1,1,1,1,1,1,1,-1,0,0,-1,-1,0,1,0.5,-1
581,0,0,-1,1,-1,0,-2,-1,0,0,1,0,-1,-1,-1,-1,-1,-1,-1,1,-1,0,0,-1,-1,-1,0,0,0
582,1,2,2,2,1,1,-1,1,2,0,0,-1,-1,-1,1,1,1,-1,1,1,-1,0,0,-1,1,0,-1,0.5,-1
583,-2,2,2,2,-2,1,2,1,1,1,0,1,1,1,-1,1,1,1,1,1,-1,0,0,-1,2,0,1,3,-1
584,-1,2,2,2,-1,1,2,-1,0,0,0,1,1,1,1,1,1,1,1,1,1,0,0,-1,2,0,0,0,-1
585,1,1,-1,1,2,1,2,1,2,0,1,1,1,1,1,1,1,1,1,1,1,0,0,2,2,-1,-1,1,0
586,-1,2,2,2,-1,1,-2,1,2,0,-1,1,1,-1,1,1,1,1,1,1,1,0,0,2,2,-1,-1,0.5,1
587,1,2,2,2,-1,1,2,1,1,1,1,1,1,1,1,1,1,1,1,1,1,1,-1,1,1,0,1,1,0
588,2,2,1,2,2,1,1,-1,0,0,0,1,1,1,-1,1,1,1,1,1,1,0,0,-1,1,0,1,4,0
589,-2,1,2,1,1,1,-1,-1,0,0,0,1,1,-1,1,1,1,-1,1,1,1,0,0,-1,1,-1,0,0,0
590,-1,1,2,2,1,1,2,1,2,0,-1,1,1,0,1,1,1,0,0,1,1,0,0,-1,0,0,1,2,-1
591,-2,2,-2,2,2,1,-2,1,1,1,-1,-1,-1,1,1,1,1,1,1,-1,1,1,1,1,1,0,1,5,-1
592,-1,2,2,-2,1,0,1,-1,0,0,1,1,1,1,-1,1,1,-1,1,1,1,0,0,-1,1,-1,0,0,0
593,1,-2,2,-1,2,1,-1,1,1,1,-1,1,-1,-1,1,1,1,1,-1,-1,-1,-1,-1,2,2,0,1,0,-1
594,-1,-1,2,2,-1,1,2,1,2,0,1,1,-1,-1,1,1,1,-1,-1,-1,-1,0,0,-1,1,-1,-1,0.5,0
595,1,2,2,1,-1,1,2,1,1,1,1,1,1,-1,1,1,1,1,1,1,1,0,0,-1,1,0,-1,0.5,-1
596,2,2,2,1,1,1,1,1,2,0,-1,-1,1,1,1,1,1,1,1,1,1,0,0,2,2,0,-1,2,-1
597,-1,1,2,1,-1,1,1,1,1,-1,-1,1,1,-1,1,1,1,-1,1,1,1,1,1,2,2,0,-1,0.5,0
598,2,2,-1,1,2,1,2,-1,0,0,-1,1,1,-1,-1,1,1,-1,1,1,1,0,0,1,-1,1,0,2,-1
599,2,-1,1,-1,2,1,1,1,1,1,0,1,1,-1,1,1,1,1,1,1,-1,1,-1,1,1,0,0,0,0
600,-1,2,2,2,-1,-1,2,1,2,0,1,1,1,1,1,1,1,1,-1,1,-1,0,0,-1,-2,0,1,2,-1
601,2,2,2,2,2,1,2,1,2,0,0,1,-1,-1,1,1,1,1,-1,1,1,0,0,1,-1,0,1,2,-1
602,2,2,2,2,1,1,2,1,1,1,0,1,1,-1,1,1,1,1,1,1,1,1,1,-1,2,0,1,2,-1
603,2,2,2,2,1,1,2,1,2,0,0,1,1,-1,1,1,1,1,1,1,1,0,0,1,-2,0,1,1,0
604,-1,2,2,2,1,1,1,1,2,0,0,1,1,-1,1,1,1,1,1,1,1,0,0,-1,1,-1,-1,0.5,0
605,2,-2,2,2,-1,1,2,1,1,1,1,1,-1,-1,-1,1,1,1,1,1,-1,1,1,2,-2,0,1,0.5,-1
606,2,2,2,2,1,0,2,1,2,0,-1,1,-1,-1,1,1,1,1,1,-1,-1,0,0,1,-2,-1,-1,0.5,0
607,2,1,1,2,-1,1,1,1,1,1,-1,1,1,1,1,1,1,1,1,1,1,1,-1,1,2,-1,0,2,0
608,2,2,1,-1,2,-1,-1,1,1,1,-1,1,1,1,-1,1,1,1,0,1,1,-1,-1,2,2,0,1,2,0
609,-1,-1,2,2,-2,1,1,1,2,0,-1,-1,-1,-1,1,1,1,1,1,-1,-1,0,0,0,2,-1,-1,0.5,0
610,-1,1,1,2,1,-1,-1,-1,0,0,-1,1,1,1,-1,1,1,1,1,1,1,0,0,2,2,-1,1,4,-1
611,2,2,2,1,1,1,2,1,1,1,-1,1,1,1,1,1,1,1,1,1,1,1,1,1,1,0,1,2,0
612,1,1,2,1,1,1,2,1,1,1,-1,1,1,0,1,1,1,1,1,1,1,1,-1,-1,-2,0,1,2,0
613,2,2,1,1,2,1,1,1,1,-1,0,1,1,-1,-1,1,1,1,1,1,1,1,-1,1,-1,0,1,2,-1
614,2,2,2,2,2,1,2,1,1,1,-1,1,1,1,1,1,1,1,1,1,1,1,-1,-1,2,0,0,0,0
615,1,-1,1,1,2,1,1,1,1,1,-1,1,1,-1,1,1,1,1,1,1,1,1,1,2,1,1,1,2,-1
616,2,2,-2,1,-1,1,-1,1,1,1,0,1,1,1,1,1,1,1,1,1,1,1,1,2,2,0,1,5,-1
617,2,2,-1,-1,2,1,2,-1,0,0,-1,1,1,1,-1,1,1,1,1,1,1,0,0,2,2,0,1,3,0
618,2,2,1,-2,1,1,2,1,1,1,0,1,1,-1,1,1,1,1,1,1,1,1,1,2,2,0,1,0.5,-1
619,2,-1,2,-1,2,1,1,1,2,0,-1,1,1,1,1,1,1,1,1,1,1,0,0,2,1,0,1,3,-1
620,2,1,2,2,2,-1,-2,1,1,1,0,-1,-1,-1,1,-1,-1,-1,-1,-1,-1,0,0,-2,2,0,-1,0.5,-1
621,-1,2,-1,-1,-2,1,1,-1,0,0,0,1,1,-1,-1,1,1,1,1,-1,1,0,0,-1,-1,0,1,2,0
622,1,1,2,2,1,1,1,1,2,0,0,1,1,0,1,1,1,1,1,1,-1,0,0,-2,1,0,1,0.5,-1
623,2,2,2,-1,2,0,2,-1,0,0,-1,1,1,1,1,1,1,1,1,1,1,0,0,-1,-1,-1,0,0.5,1
624,-2,2,2,-2,2,1,1,1,1,-1,-1,1,1,1,1,1,1,1,1,1,1,1,1,2,2,1,-1,2,-1
625,2,2,2,1,2,1,2,1,2,0,-1,1,1,1,1,1,1,1,1,1,1,0,0,2,1,0,1,5,-1
626,-1,-2,2,2,-2,-1,2,1,1,1,-1,1,-1,-1,1,1,1,-1,-1,1,-1,1,-1,-1,1,0,1,0,-1
627,-2,-2,2,2,-1,-1,2,-1,0,0,1,-1,-1,-1,1,1,1,-1,-1,-1,-1,0,0,-2,2,0,1,4,-1
628,2,2,2,2,-1,1,-1,1,2,0,-1,1,1,1,-1,1,1,1,1,1,1,0,0,-1,-1,0,1,2,-1
629,0,2,0,2,2,0,2,1,2,0,-1,1,1,1,-1,1,1,0,-1,1,1,0,0,0,0,-1,-1,2,0
630,2,2,2,2,1,1,2,1,2,0,-1,1,1,1,1,1,1,0,1,1,1,0,0,1,1,0,1,5,-1
631,-2,-1,-2,-2,-1,0,-2,-1,0,0,1,1,1,-1,1,1,1,1,1,1,1,0,0,1,2,1,0,2,1
632,1,1,2,2,1,1,2,-1,0,0,1,1,1,-1,1,1,1,1,1,1,1,0,0,1,-1,0,1,2,0
633,-2,2,2,1,-1,1,2,1,1,1,0,-1,-1,-1,-2,-2,-2,-2,-2,1,-1,-1,-1,-1,-1,0,1,2,-1
634,1,2,2,2,1,1,2,-1,0,0,-1,1,1,-1,-1,1,1,1,1,1,-1,0,0,1,1,0,0,0,0
635,2,2,1,1,2,1,2,-1,0,0,-1,1,1,1,-1,1,1,1,1,1,1,0,0,1,2,-1,0,2,0
636,2,2,2,1,2,1,2,1,1,1,-1,1,1,1,1,1,1,1,1,1,1,1,1,2,2,-1,-1,0.5,0
637,-2,2,2,-2,-2,1,-1,1,2,0,-1,1,1,-1,1,1,1,1,1,1,1,0,0,2,2,-1,-1,0.5,0
638,2,2,1,2,-1,1,-2,1,2,0,-1,-1,-1,-1,1,1,1,1,1,-1,-1,0,0,-1,1,0,-1,0.5,-1
639,1,1,2,2,-1,1,2,1,1,1,1,1,1,-1,1,1,1,-1,-1,1,-1,1,1,-1,-1,1,1,1,-1
640,2,-1,2,2,-2,0,2,1,2,0,1,1,1,-1,1,1,1,-1,-1,1,-1,0,0,-1,-1,0,-1,1,-1
641,2,-2,2,2,-1,1,2,1,1,1,-1,1,-1,-1,1,1,1,1,1,1,1,0,0,-2,2,1,0,0.5,0
642,1,1,2,2,1,1,2,1,1,1,1,1,1,1,1,1,1,1,1,1,1,1,1,1,1,1,0,4,-1
643,-1,2,2,2,1,1,2,1,1,1,1,1,1,1,-1,1,1,1,1,1,-1,1,-1,-1,1,0,0,3,-1
644,2,2,-2,2,1,0,2,-1,0,0,-1,1,1,-1,-1,1,1,-1,-1,1,1,0,0,1,1,1,0,2,0
645,2,2,1,2,1,1,2,1,1,1,-1,1,1,1,-1,1,1,1,1,1,1,1,1,2,-2,0,0,3,0
646,1,-1,2,2,1,1,1,1,1,1,-1,1,1,-1,-1,1,1,1,1,1,1,0,0,1,1,0,1,0,-1
647,1,1,2,2,-1,1,2,1,1,1,0,-1,-1,-1,1,0,1,-1,-1,-1,-1,0,0,-2,-1,0,1,0,-1
648,-1,1,2,1,-2,0,2,1,2,0,-1,1,1,-1,1,1,1,1,-1,1,-1,0,0,-1,1,0,1,0.5,-1
649,2,1,-1,-1,2,1,1,-1,0,0,-1,1,1,1,1,1,1,1,1,1,1,0,0,2,1,1,0,2,0
650,2,2,-1,2,2,1,-1,-1,0,0,-1,1,1,-1,-1,1,1,-1,1,1,1,0,0,2,2,1,0,4,1
651,-1,1,2,2,-2,-1,2,1,2,0,1,1,1,-1,-1,1,1,-1,-1,1,-1,0,0,1,2,-1,1,4,-1
652,-1,1,2,2,-2,0,2,1,2,0,0,1,0,-1,1,1,1,1,-1,-1,-1,0,0,-1,-1,-1,1,1,0
653,1,1,-1,-1,1,-1,1,1,2,0,0,-1,1,-1,1,1,1,1,1,1,1,0,0,-1,-2,0,1,3,-1
654,-1,-2,-1,2,-1,1,2,1,2,0,1,1,-1,-1,1,1,1,1,-1,1,-1,0,0,2,0,0,1,0.5,-1
655,-1,-2,2,2,-1,1,2,1,1,1,1,1,1,-1,1,1,1,1,1,1,-1,1,1,1,1,0,1,2,-1
656,1,2,1,1,1,1,2,1,2,0,-1,1,1,1,-1,1,1,1,1,1,0,0,0,2,2,-1,1,5,-1
657,1,1,2,1,-2,1,1,1,1,-1,0,1,1,-1,1,1,1,1,1,1,1,0,0,1,-1,0,1,5,0
658,-1,2,2,2,-1,1,1,1,1,1,1,1,1,1,-1,1,1,1,1,1,1,-1,-1,2,1,0,1,2,-1
659,2,-2,2,2,-1,-1,2,1,2,0,1,-1,-1,-1,-2,-2,-2,-2,-2,-1,-1,0,0,-2,1,0,1,1,-1
660,1,2,-2,1,1,1,2,1,2,0,1,1,-1,-1,1,1,1,1,1,1,1,0,0,2,2,0,1,5,-1
661,2,1,1,2,1,1,1,1,1,1,-1,1,1,-1,1,1,1,1,1,1,1,1,1,-1,-1,0,-1,1,-1
662,-1,2,2,2,-1,1,1,1,1,1,-1,1,1,1,1,1,1,1,1,1,1,0,0,-2,2,0,1,0.5,-1
663,1,2,2,1,1,0,1,1,2,0,0,1,-1,-1,1,1,1,0,1,0,-1,0,0,1,0,0,-1,0.5,-1
664,-2,-1,2,-1,2,1,2,-1,0,0,1,1,1,1,0,1,1,1,1,0,1,0,0,-1,2,0,-1,0.5,-1
665,1,1,2,2,-1,-1,2,1,2,0,0,0,1,-1,1,1,1,1,-1,1,-1,0,0,2,1,-1,1,0,-1
666,-2,2,2,2,1,1,1,-1,0,0,-1,-1,-1,-1,-1,1,1,-1,-1,1,-1,0,0,2,-1,0,1,0.5,0
667,1,2,2,2,1,1,2,1,1,1,0,1,1,0,-1,1,1,1,1,1,1,1,1,0,2,-1,1,3,-1
668,-1,1,1,2,-1,-1,2,1,2,0,0,1,1,-1,1,1,1,1,-1,1,-1,0,0,-1,-1,0,1,2,-1
669,2,2,2,-1,2,1,-2,1,1,-1,-1,1,1,-1,-1,1,1,1,1,1,1,0,0,2,2,1,0,3,-1
670,-1,1,2,1,-1,1,-1,-1,0,0,1,-1,1,-1,-1,1,1,-1,1,1,1,0,0,2,-2,1,0,4,-1
671,1,1,2,2,-1,1,-1,1,1,1,-1,1,1,1,1,1,1,1,1,-1,1,1,1,-1,1,-1,-1,2,0
672,2,1,2,1,2,1,2,-1,0,0,0,1,1,1,-1,1,1,1,1,1,1,0,0,1,-1,0,1,0.5,1
673,-1,2,2,2,1,1,2,1,1,1,0,1,1,1,1,1,1,1,1,1,-1,1,1,1,2,0,-1,0.5,-1
674,2,2,-1,2,-2,1,2,-1,0,0,-1,1,1,-1,-1,1,1,1,1,1,1,0,0,-2,2,-1,0,2,1
675,1,1,2,2,1,0,1,1,2,0,-1,1,1,0,1,1,1,0,0,-1,-1,0,0,1,-1,-1,-1,0.5,0
676,-1,1,2,2,-2,-1,2,1,1,1,1,1,1,-1,1,1,1,-1,1,1,1,0,0,1,-2,0,1,4,0
677,2,2,2,2,2,1,2,-1,0,0,-1,1,1,-1,1,1,1,1,1,-1,-1,0,0,2,2,0,-1,0,-1
678,-2,-2,-2,2,-2,1,-2,1,1,-1,1,1,-1,-1,1,1,0,1,1,-1,1,1,1,1,1,0,1,0.5,-1
679,2,2,2,1,1,1,1,-1,0,0,-1,1,1,1,-1,1,1,1,1,1,1,0,0,2,1,1,0,2,0
680,1,1,0,2,1,0,0,1,2,0,0,0,-1,-1,-2,-2,-2,-2,-2,1,-1,0,0,2,1,0,0,0,0
681,1,-1,2,2,-1,1,2,1,2,0,1,1,1,-1,1,1,1,1,1,1,-1,0,0,2,1,0,-1,0.5,-1
682,1,2,2,1,-2,1,-1,1,1,1,-1,1,1,1,-2,1,1,-2,1,1,1,1,1,-2,0,-1,1,2,-1
683,-1,2,2,2,-2,1,2,1,2,0,0,1,-1,-1,-1,1,1,1,1,1,-1,0,0,-1,-2,0,1,5,-1
684,1,2,1,1,2,1,-2,1,1,-1,-1,1,1,-1,1,1,1,1,1,1,1,1,1,2,1,0,-1,4,0
685,2,1,2,1,2,1,2,1,2,0,-1,1,1,1,1,1,1,1,1,-1,-1,0,0,2,2,0,-1,0.5,1
686,2,2,-1,0,-2,1,0,1,2,0,0,1,1,1,0,1,1,1,1,1,1,0,0,0,2,0,1,3,-1
687,1,1,2,2,1,1,1,1,1,1,1,1,1,-1,1,1,1,1,1,1,1,1,-1,1,1,0,0,0,0
688,1,-1,1,-1,1,1,-2,1,2,0,0,1,1,-1,1,1,1,1,1,1,-1,0,0,1,-1,0,1,2,-1
689,2,-2,1,2,0,1,1,1,2,0,-1,1,1,1,1,1,1,1,1,1,1,0,0,1,-1,0,-1,0.5,-1
690,2,2,2,2,1,1,2,-1,0,0,-1,1,1,1,-1,1,1,1,1,1,1,0,0,2,1,0,1,3,-1
691,-1,-1,2,-2,-2,1,2,-1,0,0,0,1,1,1,-1,1,-1,1,1,1,1,0,0,2,2,1,0,1,0
692,1,-1,1,2,1,1,2,1,1,-1,-1,1,1,1,0,1,1,1,1,1,1,0,0,-1,1,0,1,4,1
693,2,-1,1,1,-1,1,-1,1,1,1,-1,1,1,-1,-1,1,1,-1,1,1,-1,0,0,-1,-1,1,0,4,-1
694,1,2,2,2,1,1,2,1,2,0,0,1,1,-1,1,1,1,1,1,1,0,0,0,-2,-1,0,0,0.5,-1
695,1,1,1,2,2,1,2,1,1,-1,0,1,1,-1,0,1,1,1,1,1,-1,0,0,1,2,0,1,4,0
696,1,1,1,1,1,1,1,1,2,0,0,1,1,1,1,1,1,1,1,1,1,0,0,-1,1,0,1,0.5,-1
697,1,2,1,2,2,1,2,1,2,0,0,1,1,1,1,1,1,1,1,1,1,0,0,1,2,-1,1,3,-1
698,2,2,2,2,0,1,2,1,2,0,0,1,-1,-1,-1,1,1,1,1,-1,-1,0,0,0,2,0,-1,0.5,-1
699,1,2,1,2,2,1,-1,1,2,0,-1,1,1,-1,1,1,1,0,1,1,1,0,0,1,1,0,-1,0.5,-1
700,2,-1,2,2,-1,1,2,1,1,1,0,1,1,-1,1,1,1,-1,-1,1,-1,-1,-1,1,1,0,1,1,0
701,2,1,2,1,2,1,2,1,1,-1,0,1,-1,-1,1,1,1,1,1,-1,-1,1,1,-2,-2,0,1,5,0
702,-2,-1,-1,-2,-2,1,1,1,1,-1,0,1,1,1,1,1,1,1,1,1,1,1,1,-2,-2,0,0,0,0
703,1,-1,1,1,-1,1,-1,-1,0,0,1,1,1,-1,-1,1,1,1,1,-1,1,0,0,-1,1,1,0,2,1
704,2,2,2,2,-1,-1,1,1,2,0,0,-1,1,-1,1,1,1,1,1,1,-1,0,0,-2,-2,-1,-1,0.5,0
705,1,2,1,1,2,1,2,1,2,0,0,1,1,-1,1,1,1,1,-1,1,-1,0,0,-1,1,-1,1,2,-1
706,2,2,2,1,2,-1,2,1,1,1,-1,1,1,1,1,1,1,1,1,1,-1,1,1,2,1,0,1,1,0
707,2,-1,-1,2,-2,1,-1,1,1,1,1,1,1,-1,1,1,1,1,1,1,1,1,1,-1,1,0,1,2,0
708,1,2,2,2,2,1,2,1,1,1,-1,1,1,1,-1,1,1,1,1,1,1,1,1,2,-2,0,1,2,0
709,1,2,1,-1,-1,1,1,-1,0,0,0,1,1,1,-1,1,1,1,1,1,1,0,0,1,1,-1,0,0,0
710,1,2,2,2,0,1,2,-1,0,0,-1,-1,-1,-1,1,1,1,-1,1,1,1,0,0,1,1,-1,0,4,-1
711,1,2,-1,-1,2,1,2,1,1,-1,-1,1,1,1,-1,1,1,1,1,1,1,1,-1,-1,-1,0,1,0,0
712,1,1,1,2,1,1,1,1,2,0,1,1,1,-1,1,1,1,1,1,1,-1,0,0,1,-1,0,-1,0.5,-1
713,1,1,2,2,2,-1,2,1,1,1,-1,1,1,-1,1,1,1,1,1,1,1,1,-1,-1,1,0,1,0.5,-1
714,-1,-1,-1,1,2,1,1,1,1,-1,0,1,1,1,-1,1,1,1,1,1,1,1,1,1,2,0,1,2,-1
715,1,-1,-1,1,-2,1,1,1,1,1,1,1,1,1,1,1,1,1,1,1,1,-1,-1,1,1,0,1,4,-1
716,-1,2,2,1,1,1,2,1,1,1,-1,1,1,1,1,1,1,1,1,1,1,1,1,-1,1,0,1,2,0
717,-2,-2,1,-2,-2,1,2,1,1,-1,0,1,0,-1,1,1,-1,-1,0,0,-1,0,0,1,-1,0,-1,0.5,-1
718,1,1,-1,1,2,1,2,-1,0,0,-1,1,1,0,1,1,1,1,1,1,-1,0,0,1,2,0,1,2,1
719,-2,-1,1,2,2,1,2,1,1,1,0,1,-1,-1,1,1,1,1,1,1,1,1,1,2,1,0,1,1,-1
720,1,2,2,2,1,1,1,1,2,0,0,1,1,-1,0,1,1,0,1,1,0,0,0,0,-1,-1,1,1,0
721,1,2,2,2,-1,1,2,1,1,1,-1,1,1,-1,1,1,1,1,1,1,1,-1,-1,1,1,-1,1,2,-1
722,-2,-2,1,-2,-2,1,-1,1,2,0,-1,1,1,1,1,1,1,1,1,1,1,0,0,-1,-1,0,-1,0.5,-1
723,2,1,1,2,1,1,2,1,2,0,1,1,1,-1,1,1,1,1,1,1,-1,0,0,-2,-2,0,-1,0.5,-1
724,2,-1,2,2,-1,1,1,-1,0,0,-1,1,1,1,1,1,1,1,1,1,1,0,0,2,-1,0,1,3,-1
725,1,1,2,-1,1,1,2,-1,0,0,0,1,1,-1,-1,1,1,-1,1,1,1,0,0,1,1,-1,0,0,0
726,1,2,2,2,1,1,-1,-1,0,0,0,1,1,-1,1,1,1,1,1,1,1,0,0,-1,-1,0,1,1,-1
727,2,2,-2,-1,1,1,-1,1,1,-1,0,1,1,1,-1,1,1,1,1,1,1,-1,-1,2,2,1,1,4,-1
728,0,2,2,2,1,1,2,-1,0,0,0,1,1,0,1,1,1,1,1,1,-1,0,0,0,2,-1,1,3,-1
729,2,2,2,2,2,1,2,1,1,1,-1,1,1,1,1,1,1,1,1,1,1,1,1,2,2,0,1,2,-1
730,1,2,2,2,2,1,2,1,2,0,-1,1,-1,-1,-1,1,1,1,1,1,-1,0,0,2,-2,0,1,1,-1
731,2,1,2,2,2,1,2,-1,0,0,1,-1,-1,-1,1,1,1,1,-1,-1,-1,0,0,2,2,-1,0,2,-1
732,-1,-1,-1,2,-2,1,2,1,1,1,0,1,1,1,1,1,1,1,-1,1,-1,0,0,1,-1,0,0,0,0
733,2,2,2,2,1,1,2,1,1,1,0,1,1,-1,1,1,1,-1,1,-1,1,0,0,1,-1,-1,1,2,-1
734,2,1,2,2,-1,1,1,1,1,1,0,1,-1,-1,1,1,1,1,1,-1,1,1,1,-2,-1,0,-1,0.5,-1
735,2,-2,2,1,2,1,2,1,1,1,-1,1,1,1,1,1,1,1,1,1,1,0,0,2,-2,0,1,1,-1
736,1,2,2,1,2,1,2,-1,0,0,1,1,1,-1,-1,1,1,1,-1,-1,1,0,0,2,2,1,0,5,0
737,1,1,2,2,1,1,2,1,1,1,-1,1,1,1,1,1,1,-2,1,1,1,-1,-1,-2,2,-1,1,5,1
738,2,-1,-1,2,2,1,-1,1,1,0,-1,1,1,1,-1,1,1,1,1,1,1,1,1,1,1,0,1,4,-1
739,1,1,1,2,1,1,-1,1,2,0,-1,1,1,-1,-1,1,1,0,-1,1,-1,0,0,-2,-2,1,1,2,-1
740,1,-2,1,1,1,1,-2,1,1,1,-1,1,1,-1,1,1,1,1,-1,-1,1,0,0,1,2,0,1,1,-1
741,1,-1,1,-1,-2,1,2,-1,0,0,0,1,1,-1,-1,1,1,-1,1,1,1,0,0,1,2,1,0,2,0
742,1,2,2,1,-1,1,2,-1,0,0,0,1,1,-1,-1,1,1,-1,1,1,-1,0,0,1,2,1,0,2,0
743,1,2,2,2,2,-1,2,1,1,1,1,1,1,-1,1,1,1,1,1,1,-1,1,-1,1,2,-1,1,2,-1
744,1,-2,2,2,-1,1,2,1,1,1,0,-1,-1,-1,1,1,1,1,1,-1,-1,1,-1,-2,1,0,1,1,-1
745,2,1,1,1,-1,1,2,-1,0,0,0,1,1,1,1,1,1,1,1,1,1,0,0,1,2,1,0,2,0
746,2,-1,2,2,2,1,2,-1,0,0,-1,1,1,1,1,1,1,0,1,1,1,0,0,-1,2,0,0,0,-1
747,-2,1,2,1,-2,-1,-2,1,1,1,1,-1,-1,-1,-1,1,1,1,1,1,-1,-1,-1,-1,-1,-1,1,0,-1
748,1,2,2,1,2,1,-2,1,1,1,-1,1,1,1,-1,1,1,1,1,1,1,1,1,1,2,0,1,2,0
749,2,1,2,1,1,-1,-2,1,1,1,-1,1,1,1,-1,1,1,1,1,1,1,-1,-1,1,1,0,1,5,0
750,1,-1,2,1,-1,-1,2,-1,0,0,1,-1,-1,-1,1,-1,1,-1,-1,-1,-1,0,0,-1,-2,-1,0,0.5,-1
751,1,1,2,2,-2,1,2,1,2,0,1,-1,-1,-1,1,1,1,1,-1,-1,-1,0,0,-1,2,0,-1,0.5,-1
752,2,2,2,2,2,1,-2,-1,0,0,-1,1,1,1,1,1,1,1,1,1,1,0,0,2,-2,-1,0,3,-1
753,-1,2,-1,-2,-1,1,2,1,2,0,-1,1,1,1,1,1,1,1,1,1,1,0,0,0,-2,0,-1,0.5,-1
754,2,2,2,2,-2,-1,2,1,2,0,1,1,-1,-1,-1,1,1,1,1,-1,-1,0,0,2,-2,0,-1,0.5,-1
755,2,-1,2,2,-1,1,2,1,1,1,0,-1,1,1,1,1,1,-1,-1,1,-1,1,-1,2,1,0,1,0.5,0
756,-2,2,0,2,0,1,-2,-1,0,0,1,1,1,-1,-1,1,1,-1,1,-1,1,0,0,-1,-1,-1,0,0,0
757,2,1,1,1,2,1,2,-1,0,0,1,1,1,1,1,1,1,1,1,1,1,0,0,1,1,0,1,0.5,-1
758,2,2,2,1,2,1,2,-1,0,0,-1,1,1,1,-1,1,1,1,1,1,-1,0,0,2,1,0,-1,0.5,-1
759,-2,1,1,2,1,1,1,1,2,0,-1,1,1,-1,1,1,1,1,1,1,-1,0,0,1,2,0,-1,1,-1
760,2,2,-1,-1,-1,1,-2,1,2,0,0,1,1,-1,1,1,1,1,1,1,1,0,0,1,1,0,1,2,0
761,1,1,2,1,1,1,1,1,2,0,-1,1,1,1,1,1,1,1,1,-1,1,0,0,-1,1,0,1,1,-1
762,2,1,2,2,1,1,1,-1,0,0,-1,1,1,-1,1,1,1,1,1,1,1,0,0,-2,1,1,1,3,0
763,2,2,2,2,2,1,2,1,2,0,-1,1,1,-1,1,1,-1,1,1,1,1,0,0,1,1,0,-1,0.5,0
764,2,2,-2,1,1,1,2,1,2,0,0,1,1,1,-1,1,1,1,1,1,1,0,0,2,1,-1,1,3,-1
765,0,1,0,1,1,1,2,-1,0,0,0,1,1,1,0,1,1,1,1,1,1,0,0,1,2,-1,1,5,-1
766,-1,-2,2,1,-2,-1,2,-1,0,0,0,0,0,0,1,1,1,1,1,1,-1,0,0,-2,1,-1,0,2,0
767,2,2,2,-2,-1,1,-2,-1,0,0,-1,1,1,1,-1,1,1,1,1,1,1,0,0,1,-2,0,0,0,0
768,1,1,2,2,0,0,2,1,2,0,0,-1,-1,-1,0,-1,1,1,-1,1,-1,0,0,-1,-1,0,1,3,-1
769,1,1,2,2,1,1,2,1,2,0,1,1,1,1,1,1,1,1,-1,1,-1,0,0,1,-1,0,1,2,-1
770,2,1,2,2,1,-1,2,-1,0,0,1,1,-1,-1,1,1,1,1,-1,1,-1,0,0,-2,2,-1,1,4,1
771,-2,2,2,-2,-2,1,1,-1,0,0,0,1,1,-1,1,1,1,1,-1,-1,-1,0,0,-2,1,-1,0,4,0
772,1,1,2,2,-1,1,2,1,1,1,1,1,-1,-1,1,1,1,1,-1,1,-1,-1,-1,-1,2,1,0,0.5,-1
773,2,2,2,2,2,1,2,-1,0,0,-1,1,1,1,1,1,1,1,1,1,1,0,0,2,2,1,0,5,0
774,1,1,-1,-2,2,-1,-1,-1,0,0,-1,-1,1,1,-1,1,1,0,1,1,1,0,0,1,-1,0,1,2,0
775,1,2,-1,-1,2,1,1,1,1,-1,-1,1,1,1,-1,1,1,1,1,1,1,1,1,1,2,0,1,4,-1
776,-2,-2,2,-2,-2,-1,2,-1,0,0,1,-1,-1,-1,1,-2,-2,-1,-2,-1,-1,0,0,1,1,-1,-1,0.5,0
777,2,2,1,1,2,1,-2,1,1,1,-1,1,1,1,1,1,1,1,1,1,1,1,1,1,2,0,-1,2,-1
778,1,1,2,1,1,1,1,1,1,1,-1,1,1,1,1,1,1,1,1,1,1,1,1,1,1,0,0,5,0
779,-2,-1,2,2,-2,-1,2,-1,0,0,1,-1,-1,-1,1,1,1,-1,-1,-1,-1,0,0,-2,1,0,1,0.5,-1
780,1,2,1,1,1,1,2,-1,0,0,-1,1,1,1,1,1,1,1,1,1,-1,0,0,1,-1,-1,0,4,0
781,1,2,2,1,2,1,2,-1,0,0,1,1,-1,-1,1,-1,1,1,0,1,-1,0,0,-2,-2,0,1,4,0
782,1,1,2,2,1,1,-1,1,2,0,-1,1,1,0,1,1,1,1,1,1,1,0,0,-1,2,-1,-1,0.5,0
783,2,2,1,1,2,1,2,-1,0,0,-1,1,1,1,1,-1,1,1,1,1,1,0,0,1,2,1,0,0.5,1
784,1,-1,1,2,-1,1,2,1,2,0,0,1,1,-1,1,1,1,1,1,1,1,0,0,-1,1,0,0,5,-1
785,1,2,2,1,2,1,2,1,1,1,-1,1,1,1,-1,1,1,1,1,1,-1,1,-1,1,-2,0,1,4,0
786,1,1,2,2,1,1,2,1,2,0,-1,1,1,1,1,1,1,1,1,1,1,0,0,-1,1,-1,1,2,-1
787,-2,1,2,2,1,1,2,-1,0,0,1,1,1,-1,1,1,1,1,1,-1,0,0,0,1,-1,0,1,0.5,0
788,2,2,2,2,2,1,2,-1,0,0,-1,0,1,1,-1,1,1,1,1,1,1,0,0,2,2,0,0,0.5,0
789,2,1,2,2,2,1,2,-1,0,0,0,1,1,-1,1,1,1,1,1,1,1,0,0,1,0,-1,1,1,0
790,2,2,1,1,1,1,2,-1,0,0,-1,1,1,1,-1,1,1,1,1,1,1,0,0,-1,2,1,0,5,1
791,2,2,1,1,-2,1,-2,-1,0,0,-1,1,1,-1,1,1,1,1,0,1,1,0,0,1,1,1,0,2,0
792,2,2,1,2,1,1,2,1,1,1,1,1,1,-1,1,1,1,1,1,1,1,0,0,1,2,0,1,2,0
793,2,2,2,1,1,1,2,-1,0,0,-1,1,1,-1,-1,1,1,1,1,1,1,0,0,1,2,0,0,2,0
794,1,-2,-2,-2,1,1,1,-1,0,0,0,1,1,1,-1,1,1,1,1,1,1,0,0,-1,2,0,1,0,-1
795,-1,1,1,2,-2,1,1,1,1,1,0,1,1,1,1,1,1,1,1,1,-1,1,1,1,-1,0,1,2,-1
796,1,2,-1,2,-2,1,2,1,1,1,0,1,1,-1,-1,1,1,1,1,1,1,1,1,2,2,0,1,2,1
797,2,2,1,1,1,1,2,1,1,1,-1,1,1,1,-1,1,1,1,-1,1,1,1,-1,2,2,0,-1,0.5,-1
798,1,-1,2,1,-1,1,-1,1,2,0,-1,1,1,1,1,1,1,1,1,1,1,0,0,-2,-2,1,1,3,-1
799,-2,-1,1,-1,-1,-1,2,1,1,1,1,-1,-1,-1,1,1,1,0,0,1,-1,-1,-1,-2,-1,0,1,2,-1
800,-1,1,2,1,-1,1,1,-1,0,0,-1,1,1,1,-1,1,1,1,1,1,1,0,0,-1,1,0,0,2,0
801,1,2,2,1,1,1,2,1,2,0,-1,1,1,1,1,1,1,1,-1,1,1,0,0,2,2,0,-1,5,-1
802,1,2,2,1,1,1,1,1,2,0,0,1,1,1,1,1,1,1,1,1,1,0,0,1,2,-1,1,2,-1
803,-1,2,2,-1,-2,1,1,1,2,0,1,-1,-1,-1,-1,1,1,-1,-1,1,-1,0,0,-2,2,0,0,1,-1
804,2,1,2,1,2,1,2,1,2,0,-1,1,1,1,1,1,1,1,1,1,1,0,0,2,-2,0,1,1,-1
805,2,1,1,1,-1,1,2,1,1,1,-1,1,1,-1,1,1,1,1,1,1,1,0,0,2,-2,-1,0,0,-1
806,1,-2,2,2,-2,-1,2,1,2,0,1,-1,-1,-1,1,-1,-1,-1,-1,-1,-1,0,0,-2,-2,0,-1,0.5,-1
807,-2,2,2,2,-2,-1,2,1,1,1,0,1,1,-1,1,-1,1,-1,-1,-1,-1,1,-1,-2,-1,0,1,2,-1
808,1,2,2,2,2,1,2,1,1,1,0,1,1,-1,0,1,1,1,1,1,-1,0,0,2,-2,0,1,0,1
809,-2,-2,2,1,-2,-1,-2,-1,0,0,1,1,-1,-1,1,-1,1,-1,-1,1,-1,0,0,-2,1,-1,0,0.5,0
810,1,2,2,1,-2,1,2,-1,0,0,1,1,1,-1,-1,1,1,1,1,1,1,0,0,2,1,1,0,2,-1
811,1,2,1,-1,1,1,1,1,2,0,-1,1,1,1,1,1,1,1,1,1,1,0,0,1,2,-1,1,2,0
812,1,1,2,1,2,1,-1,1,1,-1,1,1,1,1,-1,1,1,1,1,1,1,1,1,2,-1,0,1,2,-1
813,2,1,2,2,2,1,2,1,2,0,-1,1,1,0,1,1,1,0,1,1,-1,0,0,2,2,-1,-1,2,-1
814,-1,2,2,2,-1,1,-1,1,2,0,-1,1,1,1,1,1,1,1,1,1,1,0,0,2,1,1,1,5,0
815,2,2,2,2,1,1,1,1,1,1,0,1,1,1,1,1,1,1,1,1,1,1,1,-1,2,-1,1,5,0
816,-2,1,2,1,2,1,1,1,1,1,1,1,1,1,1,1,1,1,1,-1,-1,1,-1,-2,2,-1,-1,1,0
817,1,2,1,-1,-1,-1,1,-1,0,0,1,1,-1,-1,1,1,1,1,1,1,-1,0,0,2,-1,0,-1,0.5,-1
818,2,2,-1,-1,2,-1,2,-1,0,0,-1,1,1,1,-1,1,1,1,1,1,1,0,0,2,1,1,1,5,-1
819,1,2,1,1,1,1,2,1,2,0,-1,1,1,1,1,1,1,1,1,1,1,0,0,2,1,1,1,3,-1
820,-2,2,2,2,1,-1,-1,-1,0,0,1,-1,-1,-1,-1,-1,-1,-1,-1,-1,-1,0,0,-2,1,1,1,0,-1
821,-1,2,2,-1,2,1,1,-1,0,0,-1,1,-1,-1,0,1,1,-1,-1,1,1,0,0,1,2,0,0,3,1
822,0,0,0,0,0,1,0,1,2,0,0,1,1,1,1,1,1,0,1,1,-1,0,0,1,-2,0,0,0,-1
823,2,2,2,2,1,1,1,1,1,-1,0,1,1,1,-1,1,1,1,1,1,1,1,1,2,2,0,0,5,0
824,2,2,2,-2,-2,1,-2,1,1,1,1,-1,-1,-1,-2,1,-2,-2,-2,1,1,-1,-1,0,1,-1,1,5,-1
825,-1,2,2,2,1,1,2,1,2,0,-1,1,1,1,1,1,1,1,1,1,1,0,0,1,2,0,1,2,-1
826,2,2,-1,-1,2,-1,2,1,1,1,0,1,1,1,1,1,1,1,-1,-1,-1,1,-1,2,1,0,1,0.5,0
827,1,2,-1,1,-1,1,1,1,2,0,1,1,1,-1,0,1,1,1,1,1,1,0,0,1,-1,0,1,0.5,0
828,2,-2,2,-1,1,1,2,-1,0,0,-1,1,1,-1,1,1,1,1,1,1,1,0,0,1,1,1,0,3,-1
829,2,2,1,1,1,1,-2,1,1,-1,0,1,1,-1,1,1,1,1,1,1,1,0,0,2,2,-1,1,2,-1
830,0,2,1,-2,0,1,-2,-1,0,0,1,1,1,-1,1,1,1,0,1,1,-1,0,0,-1,-1,-1,-1,0.5,0
831,-2,1,2,2,-2,0,2,1,1,1,-1,-1,-1,-1,1,1,1,0,-1,-1,-1,-1,-1,1,1,0,-1,0.5,-1
832,-1,-1,-1,-1,-1,1,1,1,2,0,-1,1,1,1,-1,1,1,1,1,1,1,0,0,-1,1,0,1,1,-1
833,1,1,2,2,2,1,2,1,1,-1,-1,1,1,1,1,1,1,1,1,1,1,1,1,1,2,0,1,2,-1
834,2,2,2,2,2,0,1,1,2,0,0,1,1,1,1,1,1,1,0,1,1,0,0,2,0,0,-1,0.5,-1
835,1,2,1,1,2,1,-1,1,1,-1,0,1,1,-1,-1,1,1,1,1,1,-1,0,0,1,-1,1,1,5,0
836,-1,2,2,-1,2,1,1,-1,0,0,-1,1,1,1,1,1,1,1,1,1,1,0,0,2,1,1,0,2,1
837,-1,2,2,1,1,1,-1,-1,0,0,-1,1,1,-1,-1,1,1,1,1,1,-1,0,0,1,1,-1,0,2,1
838,1,-1,2,2,2,-1,2,1,2,0,-1,1,1,1,1,1,1,-1,1,-1,-1,0,0,1,1,-1,1,2,0
839,2,-1,2,2,-2,1,2,1,2,0,-1,-1,1,1,-1,1,1,-1,1,1,-1,0,0,-1,0,-1,1,2,-1
840,-2,1,2,2,-2,-1,2,1,2,0,1,-1,-1,-1,1,-1,1,-1,-1,-1,-1,0,0,1,-2,0,-1,0.5,-1
841,-2,2,-1,1,1,1,-1,1,2,0,-1,1,1,-1,1,1,1,1,1,-1,1,0,0,2,-2,0,1,5,-1
842,1,1,2,1,2,1,1,-1,0,0,0,1,1,1,-1,1,1,-1,0,1,1,0,0,2,-2,0,0,4,-1
843,1,2,2,2,2,1,1,1,1,-1,-1,1,1,-1,1,1,1,1,1,1,1,1,-1,2,2,0,1,2,-1
844,2,1,2,2,2,1,1,1,1,1,-1,1,1,-1,-1,1,1,1,1,1,1,1,1,1,1,0,1,3,-1
845,1,2,2,2,2,1,2,1,2,0,-1,1,1,1,1,1,1,1,1,1,1,0,0,-1,1,0,1,1,-1
846,1,2,2,2,1,1,1,1,1,1,0,1,1,-1,1,1,1,1,0,1,1,0,0,-1,-2,0,1,0.5,0
847,-1,2,-2,0,2,1,2,-1,0,0,-1,0,-1,1,1,1,-1,1,-1,-1,1,0,0,2,-2,0,-1,0.5,1
848,1,2,2,1,2,1,1,1,1,1,-1,1,1,1,-1,1,1,1,1,1,1,0,0,1,1,0,1,0.5,-1
849,-2,-2,2,-1,-2,1,2,1,1,-1,1,1,-1,-1,1,1,1,1,1,-1,-1,1,1,1,2,0,1,2,-1
850,1,2,2,1,2,-1,1,1,1,1,-1,-1,-1,-1,1,1,1,1,-1,-1,-1,0,0,2,1,0,-1,0.5,-1
851,0,0,2,2,0,0,2,1,1,1,0,0,0,0,0,0,0,-1,0,-1,-1,0,0,-2,-2,0,0,0,0
852,1,-1,2,1,1,1,-2,-1,0,0,0,1,1,1,1,1,1,0,1,1,1,0,0,-2,1,-1,1,5,0
853,2,1,-1,-2,2,1,-1,-1,0,0,-1,1,1,1,-1,1,1,1,1,1,1,0,0,2,2,1,1,4,0
854,1,-2,2,2,-1,1,2,1,1,-1,1,1,1,-1,1,1,1,1,1,1,1,1,1,-2,2,1,1,3,-1
855,-2,-2,2,2,0,1,2,1,2,0,0,1,1,-1,1,1,1,-1,1,1,-1,0,0,2,1,0,-1,0.5,0
856,1,2,1,2,-2,1,2,-1,0,0,-1,1,1,1,1,1,1,1,1,1,1,0,0,-1,2,-1,1,2,0
857,0,-1,0,-2,-2,1,-2,-1,0,0,1,-1,-1,-1,-1,-1,-2,-2,-1,-1,-1,0,0,1,-2,-1,0,0,0
858,1,2,2,1,-1,1,2,1,1,1,1,1,-1,-1,1,1,1,-1,1,1,-1,0,0,2,2,1,1,3,1
859,1,1,2,2,1,1,1,1,2,0,-1,1,1,1,-1,1,1,1,1,1,1,0,0,1,1,0,1,2,-1
860,1,1,2,2,1,-1,2,1,2,0,1,1,1,-1,1,1,1,-1,-1,-1,-1,0,0,2,-2,0,-1,0.5,-1
861,1,2,2,2,2,-1,2,1,1,1,0,1,1,-1,1,1,1,-1,1,-1,-1,1,-1,1,2,-1,1,3,0
862,1,1,2,1,1,1,2,-1,0,0,0,1,1,-1,1,1,1,1,-1,-1,-1,0,0,-1,-2,0,-1,0.5,0
863,2,2,2,2,2,1,2,1,1,1,-1,1,1,1,1,1,1,1,-1,1,-1,1,-1,-1,2,0,-1,0.5,-1
864,1,2,2,1,2,1,1,1,1,1,-1,1,1,1,1,1,1,1,1,1,-1,-1,1,2,1,0,1,1,-1
865,2,2,2,2,1,1,1,1,1,1,0,1,1,1,1,1,1,1,1,1,1,1,1,2,1,-1,-1,0.5,1
866,1,2,1,2,2,1,2,1,2,0,-1,1,1,1,-1,1,1,1,1,1,1,0,0,1,-1,0,-1,0.5,-1
867,-2,1,2,2,1,-1,2,1,2,0,-1,0,0,0,1,1,1,-1,1,1,-1,0,0,2,1,0,-1,0.5,-1
868,-2,2,-1,1,-2,1,1,1,2,0,0,1,1,-1,1,1,1,-1,-1,1,1,0,0,-2,-2,0,0,0.5,-1
869,-2,2,1,2,-1,1,2,-1,0,0,0,1,1,-1,1,1,1,1,1,1,1,0,0,1,2,0,0,2,0
870,-1,2,-1,1,1,1,-1,1,1,-1,0,1,1,1,1,1,1,1,1,1,1,0,0,1,-1,0,1,2,-1
871,2,-1,2,1,1,1,1,-1,0,0,-1,1,1,-1,1,1,1,1,1,1,1,0,0,2,1,-1,0,2,-1
872,-2,2,2,1,-1,1,-1,-1,0,0,1,1,1,-1,1,1,1,1,1,1,1,0,0,-2,-2,-1,1,1,-1
873,2,2,-1,2,-1,1,2,1,1,1,0,1,1,-1,1,1,1,-1,1,1,-1,0,0,2,1,-1,0,4,-1
874,2,2,-2,1,2,1,2,1,1,1,-1,1,1,-1,-1,1,1,1,1,1,1,1,1,2,2,0,1,2,-1
875,1,2,2,2,-2,0,2,-1,0,0,1,1,1,-1,1,1,1,1,-1,-1,-1,0,0,2,1,0,0,0,0
876,-1,2,2,1,1,1,1,-1,0,0,-1,1,1,-1,1,1,1,1,1,1,1,0,0,-1,1,0,1,3,-1
877,-1,1,2,2,2,1,2,1,1,1,0,1,1,1,1,1,1,1,1,1,-1,1,-1,-1,-1,-1,1,2,0
878,2,1,2,1,1,1,1,1,2,0,-1,1,1,1,1,1,1,1,1,1,1,0,0,1,1,0,1,4,-1
879,1,-2,2,2,1,-1,2,1,1,1,0,-1,-1,-1,1,-1,1,0,-1,-1,-1,0,0,-1,2,0,0,0.5,0
880,1,2,2,2,-1,-1,2,1,1,1,0,1,1,-1,1,1,1,1,1,1,-1,0,0,1,-2,-1,1,5,-1
881,1,2,1,2,2,1,2,1,2,0,-1,1,1,1,1,1,1,1,1,1,1,0,0,1,2,0,0,1,-1
882,-1,2,2,2,-1,1,2,1,2,0,1,1,1,-1,1,1,1,1,1,1,1,0,0,2,-1,-1,-1,2,-1
883,2,1,-1,1,2,1,1,1,2,0,-1,1,1,-1,1,1,1,1,-1,1,1,0,0,2,1,0,1,0.5,0
884,-1,1,2,2,-1,1,2,1,1,-1,0,1,-1,-1,1,1,1,-1,1,1,-1,0,0,-1,-1,0,1,1,0
885,-1,-2,2,2,1,1,-1,1,1,1,1,1,1,1,1,1,1,-1,1,1,1,1,1,-1,1,0,1,4,0
886,1,-1,2,2,-1,-1,2,-1,0,0,0,-1,-1,-1,1,-1,1,-2,-1,-1,-1,0,0,2,-1,0,0,0,0
887,2,2,1,1,2,1,2,-1,0,0,0,1,1,0,-1,1,1,1,1,1,1,0,0,2,1,-1,1,5,0
888,2,1,1,1,2,1,2,-1,0,0,1,1,1,-1,1,1,1,1,-1,1,1,0,0,2,2,1,0,2,-1
889,2,2,2,-1,2,1,2,1,2,0,-1,1,1,1,-1,1,1,1,1,1,1,0,0,2,2,0,1,1,-1
890,-1,1,2,2,2,1,2,1,1,1,-1,1,1,1,1,1,1,1,1,1,1,0,0,1,1,0,1,1,1
891,2,2,2,2,2,1,2,1,1,1,-1,1,1,-1,1,1,1,1,1,1,1,1,-1,1,1,0,1,3,-1
892,2,2,2,1,1,1,1,1,1,1,0,1,1,0,1,1,1,-1,-1,-1,1,-1,1,-1,-2,-1,0,0,0
893,-2,2,2,2,-1,1,2,1,2,0,1,1,1,-1,1,1,1,1,-1,1,1,0,0,-1,1,0,-1,0.5,-1
894,-1,2,-1,1,1,1,1,1,1,-1,-1,1,1,1,-1,1,1,1,1,1,1,0,0,1,1,0,1,0.5,0
895,2,2,-1,2,2,1,1,1,2,0,0,1,1,1,1,1,1,1,-1,1,-1,0,0,1,1,-1,1,2,-1
896,-1,-1,2,2,1,1,1,1,2,0,0,1,-1,-1,1,-1,1,-1,0,1,-1,0,0,1,-1,0,0,0,-1
897,2,1,2,1,1,1,2,1,2,0,0,1,1,-1,1,1,1,1,1,1,-1,0,0,1,-2,0,-1,1,-1
898,1,2,2,-1,1,-1,1,-1,0,0,0,1,1,-1,-1,1,1,-1,1,1,-1,0,0,1,0,0,1,2,-1
899,2,2,1,1,2,1,1,1,2,0,0,1,1,-1,-1,1,1,1,1,1,-1,0,0,2,1,0,1,0.5,-1
900,-1,-1,2,2,1,1,1,1,2,0,0,1,1,-1,1,1,1,1,1,1,-1,0,0,-1,-1,0,-1,0.5,-1
901,1,1,1,2,2,1,2,1,1,1,1,1,1,-1,1,1,1,1,1,1,1,-1,-1,1,2,0,-1,0.5,0
902,-2,-2,-1,1,-1,1,-2,1,1,1,0,1,-1,-1,1,1,1,1,1,-1,1,-1,1,1,2,0,1,4,-1
903,2,-2,2,1,1,1,-1,1,1,1,-1,1,1,-1,1,1,1,1,1,1,1,0,0,1,1,-1,0,2,0
904,2,2,1,1,2,1,2,1,1,1,-1,1,1,1,0,1,1,1,1,1,0,1,1,1,2,0,1,2,-1
905,-2,-1,2,2,-1,-1,1,1,1,1,1,1,1,-1,1,0,1,-1,-1,-1,-1,1,-1,-1,1,0,1,0.5,0
906,-1,1,2,2,1,-1,2,-1,0,0,-1,1,1,1,1,1,1,1,-1,1,-1,0,0,-1,2,0,1,1,-1
907,1,2,2,2,1,1,2,1,2,0,-1,1,1,-1,1,1,1,1,0,1,1,0,0,2,1,-1,1,0.5,-1
908,2,2,1,2,2,1,1,-1,0,0,-1,1,1,0,1,1,1,1,1,1,1,0,0,1,2,1,0,4,-1
909,2,-1,2,2,1,1,2,1,2,0,-1,1,1,1,1,1,1,1,1,1,-1,0,0,2,0,0,-1,0.5,-1
910,2,-1,2,2,2,1,2,1,1,1,1,1,1,-1,-1,1,1,1,1,1,1,1,1,2,1,0,1,4,0
911,2,2,-1,-2,2,1,-1,-1,0,0,-1,1,1,1,-1,1,1,1,1,1,1,0,0,2,2,-1,1,5,0
912,2,2,-2,1,2,1,2,1,1,1,-1,1,1,-1,-1,1,1,1,1,1,1,-1,-1,2,1,0,1,3,-1
913,-1,1,-1,1,2,-1,1,-1,0,0,0,1,1,1,-1,1,1,1,1,-1,1,0,0,1,-1,-1,0,5,0
914,2,2,1,-1,1,1,-2,1,1,-1,-1,1,1,-1,-1,1,1,1,1,1,1,1,1,2,2,-1,1,2,0
915,2,1,1,1,2,-1,2,-1,0,0,0,1,1,-1,-1,1,1,-1,-1,1,1,0,0,2,-2,-1,0,0,0
916,1,1,2,-1,-1,1,-1,1,1,-1,0,-1,-1,-1,1,1,1,-1,-1,1,-1,0,0,-1,-1,0,1,3,0
917,1,2,1,-1,1,1,-1,-1,0,0,0,1,1,1,1,1,1,1,1,1,1,0,0,-1,1,1,0,1,0
918,-2,-2,2,2,-2,1,2,1,1,1,1,-1,-1,-1,1,1,1,-1,-1,1,-1,0,0,1,1,0,1,0.5,1
919,2,-1,2,2,-2,0,2,1,2,0,-1,0,0,0,-2,0,0,-2,-1,1,1,0,0,1,1,-1,1,1,-1
920,1,-1,2,2,-1,1,1,1,2,0,0,1,1,1,1,1,1,1,-1,1,-1,0,0,-2,-1,0,1,2,-1
921,-2,2,2,1,1,1,2,-1,0,0,-1,1,1,-1,1,1,1,1,1,1,1,0,0,2,1,1,0,0.5,0
922,1,2,2,-2,-2,0,2,1,2,0,1,-1,-1,-1,1,0,-1,-1,-1,1,-1,0,0,2,2,0,-1,3,-1
923,-1,1,2,2,-1,-1,2,1,1,1,-1,0,1,1,1,-1,1,1,-1,1,-1,1,-1,-1,2,0,0,0,0
924,1,-2,-2,1,0,1,1,-1,0,0,0,1,-1,-1,-1,1,1,1,1,1,1,0,0,1,2,1,0,3,-1
925,1,-2,2,1,1,1,2,1,1,1,-1,1,1,1,-1,1,1,1,1,1,1,0,0,-1,1,0,1,0.5,0
926,0,0,2,2,0,-1,0,1,2,0,0,-1,-1,-1,0,0,-1,0,0,-1,-1,0,0,0,0,0,-1,0.5,0
927,2,-1,1,1,1,1,2,1,1,1,0,1,1,0,1,1,1,1,1,1,-1,1,-1,2,1,0,1,2,0
928,-1,1,1,-1,1,1,1,-1,0,0,-1,1,1,-1,-1,1,1,1,1,1,1,0,0,1,1,0,-1,0.5,-1
929,-1,2,-1,1,2,1,2,-1,0,0,-1,1,1,1,-1,1,1,1,1,1,1,0,0,1,1,0,1,1,1
930,1,-1,1,-1,-1,1,2,-1,0,0,0,1,1,1,-1,1,1,-1,1,1,1,0,0,2,1,-1,0,5,0
931,2,2,1,2,2,1,2,1,2,0,0,1,1,1,-1,1,1,1,1,1,1,0,0,2,1,-1,1,2,-1
932,2,0,2,-2,1,0,-2,1,1,-1,0,1,1,0,1,1,1,1,1,1,1,1,-1,2,-2,-1,1,4,0
933,2,2,2,2,-2,1,2,1,1,-1,0,1,1,1,-1,1,1,1,1,1,1,1,1,-1,2,-1,0,0.5,1
934,-2,-1,2,2,-2,-1,2,1,2,0,1,1,-1,-1,1,0,1,-1,-1,-1,-1,0,0,-2,1,0,-1,0.5,-1
935,2,2,2,2,0,0,2,1,2,0,-1,1,1,1,1,1,1,1,1,1,1,0,0,2,-2,-1,-1,0.5,0
936,1,-1,1,1,2,1,1,1,2,0,0,1,1,-1,0,1,1,1,1,1,1,0,0,1,2,-1,1,4,0
937,2,2,1,-1,1,1,1,1,1,1,-1,1,1,1,-1,1,1,1,1,1,1,1,1,2,1,1,1,2,-1
938,1,2,1,2,1,1,-1,1,2,0,-1,0,0,-1,-1,-2,-1,1,-1,1,1,0,0,-1,2,-1,-1,0.5,-1
939,-1,-2,-2,-1,-2,1,1,1,1,-1,-1,-1,1,1,-1,1,1,1,1,1,-1,0,0,-1,-1,0,1,3,-1
940,2,2,1,-1,2,1,1,1,2,0,-1,1,1,-1,-1,1,1,1,1,1,1,0,0,2,1,0,0,4,-1
941,2,2,1,1,1,1,1,1,2,0,-1,1,1,-1,-1,1,1,1,1,1,-1,0,0,1,-1,0,1,4,-1
942,1,2,-1,1,2,1,2,-1,0,0,-1,1,1,1,-1,1,1,1,1,1,1,0,0,1,2,0,0,3,0
943,1,1,1,-1,1,1,2,1,1,1,-1,1,1,1,1,1,1,1,0,1,0,-1,-1,-1,-2,0,1,1,-1
944,2,2,2,2,2,0,2,1,2,0,-1,-1,-1,-1,1,1,1,-1,0,-1,1,0,0,1,1,-1,1,0.5,0
945,2,2,-1,-1,-1,1,-2,1,1,1,1,1,1,1,-1,1,1,1,1,1,1,1,-1,2,2,-1,1,4,-1
946,2,2,2,1,2,1,2,1,1,1,-1,1,1,1,0,1,1,1,1,1,1,0,0,1,1,0,1,4,0
947,1,2,2,2,1,-1,2,1,1,1,0,1,-1,-1,1,1,1,1,1,1,1,0,0,1,2,0,0,2,0
948,-1,-1,2,2,-1,-1,2,-1,0,0,-1,1,1,-1,1,1,1,-1,1,-1,-1,0,0,-1,-1,0,1,0,-1
949,1,2,2,1,2,1,1,-1,0,0,-1,1,1,-1,-1,1,1,1,1,1,1,0,0,1,2,1,0,2,-1
950,2,1,2,1,-1,1,2,1,1,1,-1,1,1,1,1,1,1,1,1,1,1,0,0,-1,1,0,1,2,-1
951,-2,2,-2,-1,2,1,2,1,1,1,0,1,1,-1,-1,1,1,-1,1,1,1,0,0,2,-1,1,0,4,1
952,-1,2,2,2,2,1,-1,1,1,1,-1,1,1,1,1,1,1,1,1,1,1,1,-1,2,-2,1,1,4,-1
953,1,1,2,2,1,1,-2,1,1,-1,1,1,1,-1,1,1,1,0,1,-1,-1,1,-1,-1,-1,0,-1,0.5,0
954,-2,-2,2,2,-2,-1,2,1,2,0,1,1,-1,-1,1,1,1,-1,-1,-1,-1,0,0,-2,0,0,1,2,0
955,-1,-1,2,2,-1,-1,2,1,2,0,1,-1,-1,-1,1,1,1,1,1,1,-1,0,0,-1,2,0,0,0,0
956,-1,-1,2,2,0,1,2,1,1,1,0,1,1,1,1,1,1,1,1,-1,-1,1,1,-2,2,1,-1,2,-1
957,1,-1,2,1,1,1,1,1,1,1,0,1,1,1,1,1,1,1,-1,1,1,1,1,1,1,0,1,5,-1
958,2,2,-1,-1,2,1,2,1,1,1,0,1,1,-1,1,1,1,1,1,1,1,1,1,1,2,0,1,4,-1
959,1,2,1,-1,-2,1,2,1,1,1,0,-1,1,-1,-1,1,-1,-1,1,1,1,0,0,2,1,-1,0,5,1
960,2,2,-1,2,1,-1,2,1,2,0,-1,1,1,1,0,0,1,0,1,1,1,0,0,-1,0,-1,0,5,-1
961,1,2,1,2,2,1,-2,1,2,0,-1,1,1,-1,-1,1,1,-1,1,1,-1,0,0,1,1,0,-1,0.5,-1
962,2,2,1,2,1,1,2,1,1,1,1,0,-1,-1,1,1,1,-1,0,1,-1,1,1,0,-1,0,-1,0.5,0
963,1,-1,2,-1,1,1,2,-1,0,0,-1,1,1,-1,-1,1,1,1,1,1,1,0,0,-2,1,0,1,3,-1
964,2,1,-1,1,1,1,2,1,1,-1,0,1,1,-1,-1,1,1,1,1,1,-1,1,1,2,2,0,1,0.5,-1
965,2,-1,1,-1,-2,1,-2,1,1,1,-1,1,1,1,-1,1,1,1,-1,1,1,0,0,1,1,1,1,5,0
966,1,1,2,2,2,1,2,-1,0,0,-1,1,1,-1,-1,1,1,1,1,1,1,0,0,2,2,-1,0,2,0
967,2,2,2,2,-1,1,2,1,2,0,-1,1,1,1,1,1,1,1,1,1,1,0,0,2,1,0,1,2,-1
968,1,2,2,2,2,1,2,1,2,0,-1,1,1,1,-1,1,1,1,1,1,-1,0,0,2,2,-1,1,4,-1
969,2,1,1,2,2,1,-2,1,2,0,0,1,1,-1,1,1,1,-1,-1,1,1,0,0,2,2,1,1,4,-1
970,0,-2,2,2,2,0,2,0,0,0,-1,-1,-1,-1,1,0,-1,-1,-1,-1,-1,0,0,0,0,-1,0,0,0
971,1,2,1,1,2,1,1,-1,0,0,-1,1,1,1,1,1,1,1,1,1,1,0,0,-1,1,1,0,4,0
972,2,-2,-2,2,-1,1,2,1,2,0,1,-1,-1,-1,1,1,-1,1,1,-1,-1,0,0,1,2,-1,-1,0.5,-1
973,0,2,2,2,2,1,2,-1,0,0,1,1,1,-1,-1,1,1,-1,-1,0,1,0,0,1,-1,0,1,0.5,-1
974,-2,-1,-1,-2,-2,1,-2,1,1,-1,0,1,1,-1,-1,1,1,1,1,1,1,0,0,2,2,1,0,2,1
975,1,2,2,1,2,0,2,-1,0,0,-1,1,1,0,1,1,1,1,1,1,1,0,0,1,0,0,-1,2,-1
976,2,0,-1,2,2,1,2,1,2,0,0,-1,-1,-1,0,0,0,-2,-1,-1,-1,0,0,-1,2,-1,1,2,0
977,1,2,2,2,-1,-1,2,-1,0,0,-1,1,1,-1,1,1,1,1,1,1,1,0,0,1,1,-1,0,0.5,1
978,2,2,1,-1,1,1,-1,1,1,-1,1,1,1,-1,1,1,1,1,-1,1,-1,1,1,1,2,0,-1,3,-1
979,-1,2,2,-1,2,1,2,1,1,1,-1,1,1,-1,1,1,1,1,1,1,-1,0,0,-1,-1,0,1,2,-1
980,1,2,2,2,1,-1,2,-1,0,0,1,1,1,-1,1,1,1,-1,-1,1,-1,0,0,1,1,1,1,2,-1
981,2,2,2,2,2,1,1,1,1,1,-1,1,1,1,1,1,1,1,1,1,1,-1,1,1,2,0,-1,0.5,-1
982,2,1,2,1,2,1,-1,1,1,1,0,1,1,1,1,1,1,1,1,1,1,1,1,-1,2,-1,0,1,-1
983,1,1,2,2,1,1,1,1,1,1,0,1,1,-1,1,1,1,-1,1,1,1,1,1,-1,1,1,1,2,0
984,0,2,2,2,-2,-1,2,-1,0,0,0,1,1,-1,1,1,1,0,1,1,-1,0,0,-2,-2,-1,-1,0.5,0
985,1,2,2,2,2,1,1,1,1,1,0,1,1,1,1,1,1,1,1,1,-1,0,0,-1,-1,0,1,4,0
986,1,2,2,2,2,1,2,1,1,1,-1,1,1,-1,1,1,1,1,-1,1,-1,0,0,-1,2,0,1,3,-1
987,-1,1,-2,-2,2,1,1,1,2,0,-1,1,1,1,1,1,1,1,1,1,1,0,0,-1,-1,0,1,2,-1
988,1,2,2,2,1,-1,2,1,1,1,1,1,1,-1,0,1,1,1,1,1,-1,1,-1,-2,0,0,1,5,-1
989,-1,2,2,2,-2,-1,2,1,2,0,0,1,1,1,1,1,1,1,1,1,-1,0,0,-2,-1,-1,1,0.5,-1
990,2,1,-2,2,-1,1,1,1,1,-1,0,1,1,1,-1,1,1,1,1,1,-1,0,0,2,1,0,1,3,0
991,1,2,1,2,2,-1,-2,-1,0,0,-1,1,1,-1,1,1,1,1,1,1,1,0,0,2,-2,-1,0,0.5,0
992,1,1,2,2,2,1,2,1,2,0,-1,1,1,1,1,1,1,1,1,1,1,0,0,2,2,1,1,3,-1
993,1,2,2,-1,2,1,-1,1,1,1,-1,1,-1,-1,-1,1,1,1,1,1,0,-1,-1,1,2,0,1,3,-1
994,1,-1,-1,-2,-1,1,-1,1,1,1,0,1,1,-1,1,1,1,1,-1,1,1,1,-1,2,-2,0,-1,0,0
995,-1,2,2,2,-1,1,2,-1,0,0,1,1,1,-1,1,1,1,-1,-1,-1,1,0,0,1,1,0,-1,0.5,0
996,1,-1,1,2,2,1,1,1,1,-1,0,1,1,-1,1,1,1,1,-1,1,1,0,0,1,2,1,0,2,-1
997,-1,1,1,2,1,1,1,1,1,1,1,1,1,1,1,1,1,1,-1,1,-1,1,1,2,1,1,-1,3,-1
998,1,2,2,2,1,-1,1,1,1,1,0,1,1,-1,1,1,1,1,1,0,1,1,-1,2,-1,0,1,0.5,-1
999,2,2,1,2,-1,1,-1,1,1,1,-1,1,1,-1,-1,1,1,1,1,1,-1,-1,-1,2,2,-1,1,3,0
1000,-2,2,2,2,2,-1,2,-1,0,0,-1,1,1,1,1,1,1,1,1,1,1,0,0,1,1,1,1,4,-1
1001,2,2,2,2,1,1,2,1,2,0,-1,1,1,1,-1,1,1,1,-1,1,1,0,0,-2,-1,-1,1,2,-1
1002,2,2,-1,1,1,1,2,1,1,1,-1,1,1,1,-1,1,1,1,1,1,1,0,0,2,1,0,1,5,-1
1003,2,1,2,1,1,0,1,-1,0,0,0,1,-1,-1,-1,0,1,1,1,0,-1,0,0,1,-1,-1,0,3,0
1004,0,2,1,2,0,1,2,1,2,0,0,1,1,1,-1,1,1,1,-1,1,1,0,0,1,-2,-1,-1,5,-1
1005,1,1,2,2,-1,-1,2,1,1,1,-1,-1,-1,-1,-1,-1,1,-1,-1,-1,-1,1,-1,2,1,0,-1,1,0
1006,-2,2,-1,-1,-2,1,-2,1,2,0,-1,0,0,0,1,1,1,1,1,1,1,0,0,-1,-1,-1,-1,1,0
1007,-1,2,2,1,-1,1,1,1,2,0,1,1,1,-1,-1,1,1,-1,1,1,-1,0,0,-1,1,1,1,5,-1
1008,2,2,-1,-2,2,1,2,-1,0,0,-1,1,1,-1,1,1,1,1,1,1,1,0,0,1,-1,-1,0,2,0
1009,2,2,2,1,-1,1,2,1,1,1,-1,0,1,-1,1,1,1,1,1,1,-1,1,1,-2,1,0,1,1,1
1010,-2,-2,2,-1,2,1,0,1,2,0,0,1,1,1,1,1,1,1,1,1,1,0,0,-1,-1,0,-1,0.5,-1
1011,1,-1,2,2,2,0,2,-1,0,0,0,1,1,1,1,0,1,1,0,-1,-1,0,0,2,-1,-1,0,2,1
1012,1,1,1,-1,2,1,1,-1,0,0,-1,1,-1,-1,-1,1,1,1,1,1,-1,0,0,-2,1,0,0,5,-1
1013,2,2,0,-1,0,1,2,0,0,0,0,1,1,-1,1,1,1,1,1,-1,-1,0,0,0,0,-1,0,0,0
1014,-1,1,2,2,-1,-1,2,1,2,0,-1,1,1,1,1,-1,1,-1,-1,-1,-1,0,0,-2,1,0,-1,0.5,0
1015,-1,2,1,1,1,1,1,-1,0,0,-1,1,1,1,-1,1,1,1,1,1,1,0,0,1,1,1,0,4,-1
1016,2,2,-1,2,2,1,2,1,1,-1,-1,1,1,1,-1,1,1,1,1,1,1,1,1,2,2,-1,1,1,0
1017,-1,1,1,1,-1,1,2,1,1,1,0,1,1,-1,1,1,1,1,1,1,0,1,1,1,1,0,1,2,-1
1018,1,2,2,-1,1,-1,-2,1,1,-1,-1,1,1,-1,-1,1,1,1,-1,1,-1,-1,1,2,1,0,0,3,-1
1019,-1,-1,2,1,-1,1,-1,1,2,0,1,1,1,-1,-1,1,1,-1,-1,1,-1,0,0,1,1,0,1,0.5,0
1020,1,2,2,2,1,1,1,-1,0,0,0,1,1,1,-1,1,1,1,1,1,1,0,0,1,1,0,1,4,-1
1021,-1,2,2,2,-1,0,2,1,1,1,-1,0,-1,-1,1,-1,1,-1,-1,-1,-1,-1,-1,1,0,0,1,1,-1
1022,2,-2,2,1,2,1,-1,1,2,0,-1,1,1,1,1,1,1,1,0,1,1,0,0,2,-2,0,0,1,-1
1023,1,1,-2,-2,2,1,1,-1,0,0,-1,1,1,-1,-1,1,1,-1,-1,1,1,0,0,1,-1,0,0,4,-1
1024,2,1,2,2,1,1,-1,-1,0,0,-1,1,1,-1,1,1,1,1,1,1,1,0,0,2,1,0,0,0.5,-1
1025,1,2,1,2,-1,1,2,1,1,1,-1,1,1,1,1,1,1,1,1,1,1,1,1,2,1,0,1,1,-1
1026,1,1,1,1,1,1,1,1,2,0,1,1,1,1,1,1,1,1,1,1,1,0,0,1,1,-1,-1,0.5,1
1027,-1,2,2,1,2,1,-1,1,1,1,-1,1,1,-1,1,1,1,-1,-1,1,-1,1,-1,2,0,0,1,2,-1
1028,2,-1,2,-1,-2,1,2,-1,0,0,-1,1,1,-1,-1,1,1,1,1,1,1,0,0,1,1,1,0,1,0
1029,2,2,2,1,2,1,1,1,1,1,0,1,1,-1,-1,1,1,1,1,1,1,1,1,2,2,0,1,2,-1
1030,-1,2,2,2,1,1,2,-1,0,0,-1,1,1,1,1,1,1,1,1,1,1,0,0,-1,1,-1,0,0,0
1031,2,2,1,1,1,1,-1,1,1,-1,-1,1,1,-1,-1,1,1,1,1,1,1,1,1,1,-2,0,0,3,-1
1032,-1,1,1,1,-1,1,2,1,1,1,1,1,1,-1,1,1,1,1,1,1,-1,1,1,1,1,0,1,0.5,-1
1033,2,2,2,2,2,1,2,-1,0,0,-1,-1,-1,-1,1,1,1,1,-1,1,1,0,0,2,2,-1,0,0.5,1
1034,1,0,-1,1,2,1,1,-1,0,0,-1,1,1,1,-1,1,1,0,1,1,1,0,0,-2,-2,0,-1,2,-1
1035,2,2,1,2,2,1,1,1,1,-1,-1,1,1,-1,-1,1,1,1,1,1,1,1,1,2,1,0,1,2,-1
1036,0,1,2,2,-1,1,2,1,2,0,-1,1,1,0,-1,1,1,1,-1,-1,-1,0,0,0,-2,0,-1,0.5,-1
1037,-2,2,2,2,2,1,2,-1,0,0,-1,1,1,1,1,1,1,1,1,1,-1,0,0,2,2,-1,-1,1,0
1038,2,1,2,2,2,1,2,1,1,1,0,1,1,-1,1,1,1,1,1,1,1,1,1,1,2,0,1,2,0
1039,-1,1,2,2,1,-1,2,-1,0,0,0,1,1,1,1,-1,1,-1,-1,-1,-1,0,0,1,-1,-1,0,0,0
1040,2,-1,2,2,-2,-1,2,1,2,0,1,-1,-1,-1,1,-1,-1,-1,-1,-1,-1,0,0,2,-2,0,-1,2,-1
1041,-1,-1,2,2,-1,-1,-2,-1,0,0,0,1,-1,-1,-1,1,1,0,1,1,-1,0,0,-2,-2,1,0,4,0
1042,2,2,1,1,2,1,2,-1,0,0,-1,1,1,0,0,1,1,1,1,1,1,0,0,1,1,-1,0,5,-1
1043,2,2,2,1,2,1,-1,-1,0,0,-1,1,1,1,-1,1,1,1,1,1,1,0,0,2,1,1,1,5,0
1044,2,1,2,2,1,1,2,1,1,-1,-1,1,1,-1,-1,1,1,1,1,1,1,-1,1,2,1,0,1,3,0
1045,2,2,1,1,1,1,1,-1,0,0,0,1,1,-1,1,1,1,1,1,1,1,0,0,1,1,1,0,3,0
1046,1,1,2,2,1,1,1,1,1,1,0,1,1,-1,1,1,1,1,-1,1,1,0,0,-1,-2,0,-1,0.5,-1
1047,2,2,-1,1,2,1,-2,1,1,-1,0,1,1,1,-1,1,1,1,1,1,1,0,0,2,1,0,-1,0.5,1
1048,2,2,0,2,2,1,2,1,1,1,1,1,-1,-1,1,1,1,1,1,1,1,-1,1,2,-2,0,1,1,0
1049,2,1,-2,-1,1,1,2,1,1,1,1,1,-1,-1,1,1,1,1,1,1,-1,0,0,2,2,1,1,5,0
1050,0,2,2,1,1,1,-1,1,1,1,-1,1,1,1,1,1,1,1,1,1,-1,1,1,1,2,0,1,5,0
1051,2,-1,-2,2,-1,1,2,-1,0,0,-1,1,1,1,1,1,1,1,1,1,1,0,0,2,2,1,0,4,-1
1052,1,2,2,2,2,1,2,1,2,0,0,1,1,1,1,1,1,1,1,1,1,0,0,2,1,0,1,0.5,0
1053,2,-1,2,1,-1,-1,2,1,2,0,-1,-1,-1,-1,-1,0,1,-1,-1,-1,-1,0,0,-2,2,0,-1,0.5,-1
1054,1,2,1,2,1,1,2,1,2,0,0,1,1,-1,1,1,1,1,1,1,-1,0,0,1,-2,-1,1,4,-1
1055,2,2,2,2,2,1,2,-1,0,0,-1,1,1,-1,-1,1,1,1,1,1,1,0,0,-2,2,-1,0,2,-1
1056,1,0,-1,1,1,1,2,-1,0,0,-1,1,-1,-1,1,1,1,1,1,1,1,0,0,-2,-2,-1,0,0,0
1057,0,0,0,0,0,-1,0,1,2,0,0,1,-1,-1,-1,1,1,0,-1,0,-1,0,0,1,1,0,-1,0.5,-1
1058,2,-2,-2,2,-1,-1,2,-1,0,0,1,-1,-1,-1,1,0,-1,1,-1,1,-1,0,0,2,1,0,1,1,0
1059,1,2,-1,2,-1,1,2,1,1,1,1,1,1,1,-1,1,1,0,1,1,1,0,0,2,1,0,1,2,-1
1060,-1,2,2,1,1,1,2,-1,0,0,1,1,1,-1,-1,1,1,-1,1,1,1,0,0,2,1,-1,0,5,-1
1061,2,2,1,1,1,1,-1,-1,0,0,-1,1,1,-1,-1,1,1,1,1,1,1,0,0,1,2,-1,0,2,0
1062,2,-1,2,2,2,1,2,1,2,0,-1,1,1,-1,1,1,1,1,-1,1,-1,0,0,2,0,0,1,2,-1
1063,1,-2,2,1,-2,-1,2,1,2,0,0,-1,-1,-1,1,-2,1,-2,-2,-1,-1,0,0,2,0,0,0,0,-1
1064,1,1,2,-1,-1,1,1,1,1,-1,1,1,1,-1,1,1,1,1,1,1,1,0,0,2,-1,0,1,4,1
1065,1,2,-1,-1,2,1,1,1,1,1,0,1,1,1,0,1,1,1,1,1,1,0,0,1,1,0,1,0,-1
1066,1,2,2,2,2,-1,2,1,2,0,0,1,1,-1,1,1,1,1,1,1,0,0,0,1,0,-1,-1,0.5,0
1067,2,-2,1,-2,2,-1,2,1,1,-1,-1,1,1,1,1,1,1,1,1,1,1,-1,-1,2,-2,1,1,5,-1
1068,1,1,2,2,1,1,2,1,1,1,-1,1,1,-1,1,1,1,1,1,1,1,1,1,1,-1,0,1,3,-1
1069,2,1,2,2,2,1,-1,-1,0,0,0,1,1,-1,1,1,1,1,1,1,1,0,0,2,0,-1,0,2,-1
1070,-2,2,2,2,2,1,1,1,1,-1,-1,1,1,-1,1,1,1,0,1,1,-1,0,0,-1,-2,0,1,0.5,1
1071,-1,-2,2,2,-1,-1,-2,1,2,0,-1,1,1,1,1,1,1,1,1,1,1,0,0,-2,2,-1,1,0,1
1072,2,-1,2,1,1,1,2,1,1,1,0,1,1,1,1,1,1,1,1,1,1,1,1,2,1,-1,1,0.5,0
1073,1,1,-2,-1,1,1,-2,1,1,1,0,1,1,1,-1,1,1,1,1,1,1,-1,-1,-1,-2,0,1,4,0
1074,0,2,1,-1,0,1,-1,1,2,0,-1,1,1,-1,1,1,1,0,-1,1,-1,0,0,1,1,0,1,5,-1
1075,-2,2,-2,2,-2,-1,2,1,1,1,1,1,1,-1,1,-2,1,-1,-1,1,-1,0,0,2,2,-1,1,4,-1
1076,1,1,2,2,1,1,-2,1,2,0,-1,1,1,-1,1,1,1,-1,-1,1,-1,0,0,2,1,1,1,5,0
1077,1,1,0,-1,-1,1,-1,1,1,-1,0,1,1,-1,1,1,1,-1,1,1,1,1,1,1,-1,0,1,0.5,0
1078,1,-1,2,2,1,1,2,1,1,1,-1,1,1,-1,1,1,1,1,1,1,-1,1,-1,2,1,0,1,0.5,-1
1079,1,1,1,2,1,1,2,1,1,-1,-1,1,1,-1,-1,1,1,1,1,1,1,0,0,1,1,0,1,3,0
1080,2,0,1,1,-1,0,2,1,1,1,-1,1,1,1,1,1,1,0,-1,-1,-1,1,1,2,1,0,-1,0.5,-1
1081,1,1,2,2,1,1,-1,1,1,1,0,1,1,-1,-1,1,1,1,1,1,-1,1,-1,-2,1,1,1,3,0
1082,1,1,2,2,2,-1,2,1,1,1,1,1,-1,-1,1,1,1,1,1,1,-1,0,0,1,-1,0,-1,0.5,-1
1083,2,2,2,-2,2,1,2,1,2,0,-1,1,1,0,1,1,1,1,1,1,1,0,0,2,2,0,-1,1,-1
1084,2,2,2,2,2,1,2,1,2,0,1,1,1,-1,1,1,1,0,0,-1,-1,0,0,-2,1,0,-1,0.5,-1
1085,-1,2,1,-1,-1,1,1,-1,0,0,-1,1,1,-1,1,1,1,1,1,1,1,0,0,-2,1,1,0,0,0
1086,2,2,-2,-2,2,1,-2,-1,0,0,-1,1,1,1,1,1,1,1,1,1,1,0,0,2,2,0,-1,0,0
1087,2,2,-1,-1,-1,1,2,-1,0,0,-1,1,1,1,-1,1,1,1,1,1,0,0,0,2,1,1,0,2,-1
1088,2,2,2,2,-2,1,-2,1,1,-1,-1,1,1,1,1,1,1,1,1,1,1,1,-1,2,1,0,1,2,-1
1089,2,2,2,2,2,1,2,1,2,0,1,1,-1,-1,1,-2,1,1,1,1,1,0,0,-2,-2,1,1,5,0
1090,2,1,1,2,1,1,2,1,1,1,-1,1,1,1,1,1,1,1,1,1,1,0,0,-1,-2,0,1,4,-1
1091,2,2,1,1,2,1,2,-1,0,0,0,1,1,1,-1,1,1,1,1,1,1,0,0,1,0,0,0,0,-1
1092,1,-1,1,1,-1,0,1,-1,0,0,-1,1,1,1,1,1,1,1,1,1,0,0,0,2,2,0,-1,0.5,-1
1093,1,1,2,-2,1,-1,-2,-1,0,0,0,1,1,-1,1,1,1,1,1,1,1,0,0,2,2,1,0,0.5,-1
1094,2,2,2,1,1,1,2,1,1,1,-1,1,1,-1,1,1,1,1,1,1,1,0,0,2,2,0,1,2,-1
1095,1,1,2,2,2,1,1,-1,0,0,-1,1,1,1,1,1,1,1,1,-1,1,0,0,1,1,1,1,4,-1
1096,1,2,1,1,1,-1,-1,-1,0,0,0,1,-1,-1,1,1,1,1,1,1,-1,0,0,-1,1,-1,0,0,0
1097,-2,2,-2,-2,2,1,-2,1,2,0,-1,1,1,1,1,1,1,1,1,1,1,0,0,2,2,0,0,5,-1
1098,1,2,2,2,1,0,1,-1,0,0,0,1,0,0,1,1,1,-1,0,1,0,0,0,1,-1,0,-1,1,-1
1099,1,1,2,2,2,1,2,1,2,0,-1,1,-1,-1,1,1,1,1,1,1,1,0,0,1,-1,0,1,1,-1
1100,2,2,2,2,1,1,1,1,2,0,-1,1,1,1,1,1,1,1,1,1,1,0,0,1,-1,-1,1,0.5,-1
1101,1,1,1,1,1,1,2,1,1,1,-1,1,1,-1,-1,1,1,-1,-1,1,-1,1,1,1,2,0,1,2,-1
1102,-2,-2,2,-2,-1,1,-1,1,1,-1,0,1,1,1,0,1,1,1,-1,1,1,1,1,-1,2,0,0,3,-1
1103,-1,1,1,1,2,-1,2,1,1,-1,1,1,1,-1,1,1,1,1,1,1,-1,1,1,1,1,-1,1,0.5,0
1104,-2,-2,2,2,-2,1,2,1,1,1,-1,1,1,-1,1,1,1,1,1,-1,-1,1,1,-2,-2,0,1,0.5,-1
1105,-2,-1,2,2,1,-1,1,-1,0,0,1,1,-1,-1,1,1,1,-1,-1,1,-1,0,0,-1,-1,1,0,3,0
1106,-2,-2,1,1,1,1,1,1,2,0,-1,1,1,-1,-1,1,1,1,1,1,1,0,0,1,2,0,1,4,-1
1107,-1,1,2,2,-1,1,2,-1,0,0,-1,1,1,-1,1,1,1,1,1,1,-1,0,0,-1,-1,0,-1,0.5,-1
1108,2,2,-1,-1,2,1,-1,-1,0,0,-1,1,1,1,-1,1,1,1,1,1,1,0,0,2,2,1,0,5,0
1109,1,-1,2,-1,2,1,2,-1,0,0,-1,1,1,-1,1,1,1,1,1,1,1,0,0,-1,1,-1,0,0.5,-1
1110,-1,2,-2,2,1,1,2,-1,0,0,-1,1,1,-1,-1,1,1,1,1,1,1,0,0,2,-2,1,0,3,-1
1111,-1,1,2,2,2,1,2,-1,0,0,-1,1,1,1,-1,1,1,1,1,1,1,0,0,-1,2,-1,1,2,0
1112,-2,-2,2,2,2,1,2,-1,0,0,1,1,-1,-1,1,1,1,1,1,1,-1,0,0,2,2,-1,0,0,0
1113,1,-1,2,2,-1,1,1,1,2,0,-1,1,1,-1,1,1,1,1,1,1,1,0,0,1,2,-1,1,0.5,0
1114,2,2,2,2,2,1,2,1,2,0,-1,1,1,-1,1,1,1,1,1,1,-1,0,0,2,1,0,-1,4,-1
1115,2,1,1,2,-1,1,2,1,1,-1,0,1,1,1,1,1,1,1,1,1,1,1,1,2,1,1,1,3,-1
1116,0,1,2,-1,2,1,2,1,1,1,-1,1,1,1,1,1,1,1,1,1,-1,1,1,1,1,0,1,3,-1
1117,1,2,-2,1,2,1,0,-1,0,0,0,1,1,1,1,1,1,1,1,1,-1,0,0,2,-2,0,1,2,-1
1118,1,-2,0,2,-1,1,2,1,1,1,-1,1,1,1,-1,1,1,-1,1,1,-1,-1,-1,1,2,0,1,1,0
1119,2,2,1,1,2,1,2,1,2,0,-1,1,1,1,1,1,1,1,1,1,1,0,0,1,1,0,1,3,-1
1120,1,2,2,2,1,1,1,1,2,0,-1,1,-1,-1,1,1,1,1,-1,1,-1,0,0,1,2,0,1,0.5,-1
1121,1,-1,1,-1,1,1,1,-1,0,0,0,1,1,-1,1,1,1,1,1,1,1,0,0,1,1,1,0,1,0
1122,2,1,2,2,2,1,2,-1,0,0,-1,-1,-1,-1,1,1,1,1,1,1,-1,0,0,-2,2,-1,0,2,0
1123,2,2,1,1,2,1,1,1,1,-1,1,1,1,-1,1,1,1,1,1,1,1,0,0,1,1,0,1,2,0
1124,2,1,2,2,1,1,2,-1,0,0,1,1,1,-1,1,1,1,1,1,1,1,0,0,2,-1,0,1,1,-1
1125,2,-2,-2,-1,-2,1,2,-1,0,0,1,1,1,-1,1,1,1,1,1,1,1,0,0,2,2,1,0,0.5,0
1126,-1,-1,2,2,2,1,-1,-1,0,0,1,1,1,-1,1,1,1,1,1,1,-1,0,0,-1,-2,0,1,2,-1
1127,-2,1,2,2,-2,1,2,1,1,1,1,1,1,-1,1,1,1,1,1,-1,-1,-1,-1,-1,-1,-1,1,2,-1
1128,1,2,2,2,1,1,2,1,2,0,-1,1,1,-1,1,1,1,1,1,1,1,0,0,2,1,0,0,2,-1
1129,2,1,2,2,2,-1,2,1,2,0,1,1,1,1,1,1,1,1,1,1,-1,0,0,2,1,0,1,1,0
1130,1,2,2,2,2,0,2,1,1,1,-1,-1,-1,-1,1,-1,1,-1,-1,-1,-1,1,-1,-2,-2,-1,1,2,-1
1131,1,2,2,2,1,1,1,-1,0,0,-1,1,1,-1,1,1,1,1,1,1,1,0,0,2,2,1,0,5,-1
1132,1,2,1,-1,-2,1,-1,1,1,-1,0,1,1,-1,-1,1,1,1,1,1,1,1,1,1,1,1,1,3,-1
1133,2,1,2,2,1,-1,2,1,1,1,-1,-1,1,-1,1,-1,1,-1,-1,-1,-1,-1,-1,2,1,-1,1,5,-1
1134,-1,1,2,-1,2,1,-2,-1,0,0,1,1,-1,-1,1,1,1,1,1,1,1,0,0,1,1,0,1,3,0
1135,2,2,2,2,-1,1,2,1,1,1,-1,1,1,-1,1,1,1,1,1,1,-1,1,-1,2,-2,-1,0,2,0
1136,1,1,1,-1,1,1,2,-1,0,0,-1,1,1,-1,1,1,1,-1,1,1,1,0,0,2,2,0,1,3,0
1137,2,2,2,2,1,1,-1,1,1,1,-1,1,1,-1,1,1,1,0,0,1,-1,1,1,2,1,0,-1,0.5,0
1138,2,2,2,1,2,1,1,-1,0,0,0,1,1,1,-1,1,1,1,1,1,1,0,0,1,2,1,0,2,0
1139,2,2,-2,-2,2,-1,1,-1,0,0,-1,1,1,1,-1,1,1,1,1,1,-1,0,0,1,2,1,0,5,-1
1140,-2,2,2,2,1,1,2,1,1,1,0,1,1,-1,1,1,1,1,-1,1,-1,0,0,-2,0,0,-1,0.5,0
1141,2,1,2,2,2,1,2,1,2,0,-1,1,1,1,1,1,1,1,1,1,1,0,0,1,2,-1,-1,3,-1
1142,2,-1,2,2,1,1,2,1,1,1,1,1,1,1,1,1,1,-1,1,-1,-1,1,-1,2,1,0,1,1,-1
1143,1,2,-1,-2,1,-1,2,-1,0,0,0,-1,-1,-1,-1,-1,1,-1,-1,1,1,0,0,2,1,-1,0,4,-1
1144,-1,2,1,1,1,1,1,-1,0,0,-1,1,1,-1,1,1,1,1,1,1,1,0,0,2,1,1,0,0.5,0
1145,1,2,1,2,1,1,2,-1,0,0,-1,1,1,1,-1,1,1,-1,1,1,1,0,0,2,1,1,0,3,0
1146,2,2,-1,-1,2,1,2,-1,0,0,0,1,1,1,-1,1,1,-1,1,1,1,0,0,2,2,0,1,0,1
1147,-1,2,2,-2,2,1,2,1,1,-1,-1,1,1,1,0,1,1,1,1,-1,1,-1,-1,1,1,-1,0,3,1
1148,-2,2,-2,-2,2,1,-2,-1,0,0,0,1,1,1,1,1,-1,1,1,1,1,0,0,-2,2,-1,0,0,0
1149,1,2,1,2,2,1,2,1,1,-1,0,1,1,1,0,1,1,0,0,1,1,-1,-1,2,1,0,1,4,-1
1150,-2,-2,2,-2,-2,0,-1,1,2,0,0,1,1,-1,-1,1,1,1,1,1,1,0,0,1,1,0,0,0,-1
1151,-2,2,-2,-1,2,1,-2,1,2,0,-1,1,1,1,1,-2,1,1,1,1,1,0,0,2,2,0,1,5,-1
1152,2,1,1,-1,2,1,-2,1,1,-1,-1,1,1,1,1,1,1,1,1,1,1,0,0,1,-1,0,1,2,-1
1153,-1,2,2,1,0,1,-2,-1,0,0,0,1,1,-1,1,1,1,1,1,1,1,0,0,1,2,0,1,2,0
1154,2,2,1,2,2,1,2,1,2,0,-1,1,1,1,1,1,1,1,1,1,1,0,0,1,-1,0,-1,0.5,-1
1155,-2,2,1,2,-2,1,-2,1,2,0,-1,1,1,1,-1,0,1,1,1,1,-1,0,0,0,0,0,1,2,0
1156,1,1,-1,2,-1,1,-1,1,2,0,0,-1,-1,-1,1,1,1,1,1,1,1,0,0,-1,-1,-1,1,3,-1
1157,-1,1,2,2,1,-1,2,1,1,1,-1,1,1,-1,1,-1,1,-1,-1,1,-1,1,-1,-2,-1,-1,-1,0.5,0
1158,1,2,1,2,-1,1,1,1,1,-1,1,1,-1,-1,1,1,0,1,1,1,-1,0,0,1,-1,0,1,0,-1
1159,-1,2,2,1,-1,1,1,-1,0,0,0,1,1,-1,1,1,1,1,1,1,1,0,0,-1,1,-1,0,0,0
1160,-1,1,2,2,-2,-1,2,1,1,1,1,1,-1,-1,1,1,1,1,1,-1,-1,1,-1,1,-2,0,1,2,-1
1161,1,-2,2,1,-2,1,1,-1,0,0,-1,-1,-1,-1,1,1,1,1,1,-1,-1,0,0,1,1,-1,0,0,0
1162,2,2,2,2,2,1,2,1,1,1,-1,1,1,1,1,1,1,1,1,-1,1,1,1,-1,2,0,1,2,-1
1163,-1,-1,2,2,-2,-1,2,1,1,1,1,-1,-1,-1,-2,-1,1,-1,-1,-1,-1,-1,-1,1,0,0,0,0,0
1164,2,2,2,-1,1,-1,1,1,2,0,1,0,0,0,1,1,0,-1,-1,1,-1,0,0,1,2,0,1,5,-1
1165,2,2,2,2,1,1,1,-1,0,0,0,1,1,1,-1,1,1,1,1,-1,1,0,0,2,2,-1,0,5,-1
1166,2,2,-2,2,2,1,-2,-1,0,0,-1,1,-1,-1,-1,1,1,1,-1,1,1,0,0,-2,-2,0,1,0,-1
1167,2,2,2,1,2,1,2,-1,0,0,-1,1,1,-1,-1,1,1,1,1,1,1,0,0,2,2,-1,0,0,0
1168,1,2,2,-2,1,1,2,1,1,-1,0,1,1,-1,1,1,1,1,1,1,1,0,0,2,2,1,1,4,-1
1169,2,2,1,-1,2,1,1,1,1,-1,0,1,1,1,1,1,1,1,1,1,1,1,1,2,1,0,1,0,-1
1170,2,2,2,1,1,1,2,-1,0,0,-1,1,1,-1,1,1,1,1,1,1,1,0,0,1,2,1,0,2,0
1171,1,2,2,2,1,1,2,-1,0,0,0,1,1,-1,-1,1,1,1,1,1,1,0,0,1,1,1,0,2,0
1172,-2,2,2,2,2,-1,2,-1,0,0,-1,1,-1,-1,1,1,1,1,0,1,0,0,0,-2,-2,-1,-1,0.5,0
1173,1,1,2,2,1,1,2,1,1,1,0,1,0,-1,1,1,1,1,-1,-1,-1,0,0,1,1,0,1,2,-1
1174,2,-1,2,2,2,1,2,1,2,0,0,1,1,1,1,1,1,1,1,1,1,0,0,-2,1,0,1,4,-1
1175,-2,1,2,2,-2,1,2,-1,0,0,0,1,1,-1,1,1,1,1,1,1,1,0,0,-2,1,-1,0,2,1
1176,1,1,2,1,1,1,2,1,1,1,0,0,0,-1,1,1,1,1,-1,1,-1,1,-1,-1,1,0,-1,0.5,0
1177,1,2,1,1,-1,1,1,-1,0,0,-1,1,-1,-1,1,1,1,1,1,1,-1,0,0,1,1,-1,0,2,1
1178,2,1,2,1,0,1,2,-1,0,0,0,1,1,1,-1,1,1,1,1,1,-1,0,0,2,-1,-1,1,5,0
1179,1,2,2,2,2,1,2,1,1,-1,0,1,1,0,1,1,1,1,1,1,-1,1,-1,2,1,0,1,2,-1
1180,1,-1,1,-1,2,1,2,1,1,1,-1,1,1,1,1,1,1,1,1,1,1,0,0,2,1,0,1,2,-1
1181,1,2,2,2,2,1,2,1,1,1,-1,1,1,1,1,1,1,1,1,1,1,-1,-1,2,-2,0,1,2,-1
1182,1,1,2,2,1,1,2,1,1,1,-1,1,1,-1,1,1,1,-1,-1,1,-1,0,0,2,2,0,1,1,-1
1183,2,2,2,-1,1,1,2,1,1,1,-1,1,1,1,1,1,1,1,1,1,1,0,0,2,2,0,0,4,0
1184,1,1,1,2,1,1,-2,1,1,1,-1,1,1,0,1,1,1,0,1,1,-1,1,1,0,-2,1,1,5,-1
1185,2,2,1,1,2,1,2,1,1,-1,-1,1,1,-1,1,1,1,1,1,1,1,0,0,-1,2,0,1,2,-1
1186,2,2,1,-1,2,1,1,1,1,1,-1,1,1,1,-1,1,1,1,1,1,1,0,0,1,1,0,0,4,0
1187,1,2,1,1,2,1,2,1,2,0,-1,1,1,1,1,1,1,1,1,1,1,0,0,2,-1,0,1,1,-1
1188,2,1,2,2,1,1,2,-1,0,0,0,1,1,-1,1,1,1,1,1,1,-1,0,0,1,1,-1,0,2,-1
1189,1,2,2,2,1,1,2,1,2,0,-1,1,1,1,1,1,1,1,1,1,-1,0,0,-2,2,0,-1,0.5,0
1190,1,1,1,2,-1,1,1,1,1,-1,0,1,1,-1,1,1,1,1,1,-1,1,-1,-1,1,1,0,1,1,-1
1191,-2,-2,2,1,-2,1,2,1,2,0,0,1,1,-1,-1,1,1,1,1,1,1,0,0,1,-1,1,1,1,-1
1192,2,2,1,2,2,1,-1,1,1,1,-1,1,1,1,-1,1,1,1,1,1,1,1,1,1,1,0,-1,0.5,0
1193,1,2,2,-1,-1,1,1,1,1,1,0,1,1,-1,1,1,1,-1,-1,1,1,1,-1,2,1,0,1,2,-1
1194,2,1,2,2,2,1,2,1,1,1,-1,1,1,-1,1,1,1,-1,-1,1,-1,1,1,-1,1,1,0,4,0
1195,2,2,2,2,2,1,2,1,1,1,-1,1,1,-1,1,1,1,1,1,1,-1,1,1,1,-2,0,1,5,-1
1196,2,1,2,-1,-1,-1,2,1,1,1,0,0,0,-1,1,-1,1,-1,0,-1,-1,-1,-1,-1,-1,0,1,4,-1
1197,2,2,1,-1,2,1,1,-1,0,0,1,1,1,1,-1,1,1,1,1,1,1,0,0,1,2,1,0,5,0
1198,1,-1,1,-1,-1,1,1,-1,0,0,0,1,1,-1,1,1,1,-1,1,1,-1,0,0,1,1,0,1,3,-1
1199,2,2,-1,-1,-1,1,2,-1,0,0,-1,1,1,1,-1,1,1,1,1,1,1,0,0,2,1,1,0,5,0
1200,-1,-1,2,-1,1,-1,-2,-1,0,0,-1,1,1,-1,-1,1,1,1,1,1,-1,0,0,1,1,-1,0,1,0
1201,1,2,1,2,2,-1,1,1,2,0,0,1,1,-1,1,1,1,1,1,0,1,0,0,1,-1,0,1,2,-1
1202,-1,1,2,2,1,1,2,1,2,0,0,1,1,-1,1,1,1,1,1,-1,-1,0,0,1,-1,0,1,3,-1
1203,2,2,2,-2,2,1,2,1,2,0,0,1,1,-1,-1,1,1,1,1,1,1,0,0,2,-2,1,1,3,0
1204,1,1,2,-1,-2,1,1,1,1,1,0,1,1,0,-1,1,1,1,1,1,1,0,0,-1,1,0,1,4,0