,Q13C,Q18AA,Q18AB,Q20,Q21,Q22,Q23A,Q23B,Q23C,Q23D,Q24,Q25,Q26,Q27,Q29,Q29A,Education,AgeCat,PoliticalPartyAffiliation,Income,PoliticsGeneral,10
1,10,8,10,-10,10,10,-10,10,10,-10,-10,10,0,10,10,10,10,70,10,20,-10,5
2,0,8,8,-10,-10,8,-10,-10,10,10,10,10,0,10,10,-10,12,59.5,0,25,0,10
3,0,10,8,10,10,8,-10,10,-10,-10,0,10,0,10,10,10,20,70,10,0,0,5
4,0,10,10,10,8,10,10,10,10,10,10,10,0,10,10,10,16,39.5,10,120,10,10
5,-10,-10,10,-10,-10,8,10,10,10,10,-10,10,0,10,10,10,13,70,10,25,0,5
6,0,10,10,10,8,10,0,0,0,0,0,-10,10,0,0,0,14,70,10,82.5,10,10
7,10,10,10,10,8,10,10,10,10,10,10,10,0,10,10,10,16,39.5,10,120,10,10
8,10,8,10,10,8,8,10,10,10,10,-10,10,0,10,10,10,13,70,-10,62.5,-10,10
9,0,8,8,-10,-10,8,10,10,0,10,-10,10,0,10,10,10,16,49.5,-8,0,-10,10
10,0,10,10,10,8,10,10,10,10,10,-10,10,0,10,10,10,16,29.5,10,95,10,10
11,0,10,8,10,-10,8,10,10,10,10,-10,10,0,10,10,10,14,70,10,25,0,10
12,10,8,10,10,-10,8,10,0,0,0,0,-10,-10,0,10,10,14,70,-8,35,-10,10
13,0,10,10,10,8,10,10,10,10,10,10,10,0,10,10,10,18,49.5,0,0,-10,10
14,10,8,8,10,8,10,10,10,10,10,-10,10,0,10,10,10,10,59.5,10,25,0,5
15,-10,10,10,10,8,10,10,10,10,10,-10,0,0,0,10,10,13,59.5,10,62.5,-10,10
16,-10,10,8,10,-10,10,0,0,10,0,0,10,0,-10,10,10,20,49.5,-8,45,-10,10
17,10,10,10,10,10,10,10,10,10,10,-10,10,0,10,10,10,20,49.5,10,45,10,10
18,-10,10,10,10,10,10,10,10,10,10,-10,10,0,10,10,10,20,70,10,62.5,10,10
19,0,-10,10,10,-10,10,10,10,0,10,0,10,0,10,10,10,16,49.5,0,20,10,0
20,0,0,10,10,-10,-8,10,10,-10,10,10,10,0,10,10,10,20,70,-10,45,0,-10
21,10,-8,10,-10,-10,8,0,10,0,10,0,10,0,10,10,10,10,70,0,20,0,-10
22,0,10,10,10,10,10,10,10,10,10,10,10,0,10,10,10,16,49.5,10,95,10,10
23,0,8,10,10,8,10,10,10,10,10,10,10,0,10,10,10,16,70,8,120,10,10
24,0,10,10,10,-10,10,10,10,10,10,10,10,0,10,10,-10,13,49.5,-8,20,10,8
25,0,-10,10,0,-10,8,10,-10,-10,10,10,-10,-10,0,-10,0,13,59.5,-10,120,-10,10
26,0,10,10,10,-10,10,10,10,10,10,0,10,0,10,10,10,16,70,10,0,10,5
27,0,8,10,-10,-10,8,-10,0,0,10,0,10,0,-10,10,10,12,49.5,10,120,0,10
28,10,10,10,10,10,10,-10,10,-10,10,10,10,0,-10,10,-10,13,70,-10,20,10,5
29,10,8,10,-10,-10,8,10,-10,-10,10,-10,-10,10,0,10,10,14,70,-10,0,-10,10
30,0,-8,8,-10,-10,-8,10,10,10,10,0,10,0,-10,10,-10,20,70,-8,62.5,0,10
31,0,10,10,10,8,10,0,0,0,0,0,10,0,10,-10,0,12,70,0,0,-10,5
32,0,-8,10,-10,0,8,10,0,10,10,10,-10,10,0,10,10,16,70,-10,120,-10,5
33,0,-8,10,-10,-10,-10,10,-10,-10,-10,-10,-10,-10,0,10,10,16,49.5,-10,62.5,-10,10
34,10,10,10,10,8,10,10,10,10,10,0,10,0,10,10,0,12,70,10,0,0,10
35,0,10,10,10,8,10,10,10,10,-10,0,10,0,10,10,10,16,49.5,10,62.5,-10,10
36,0,-10,8,-10,-10,-10,10,10,10,10,10,-10,-10,0,-10,0,16,59.5,-8,120,-10,10
37,0,10,10,10,8,10,10,10,10,10,10,10,0,0,10,-10,16,70,8,62.5,-10,10
38,10,10,10,10,8,10,10,10,10,10,0,10,0,10,10,0,20,70,10,0,10,5
39,0,10,10,10,0,8,-10,10,-10,10,0,-10,10,0,10,0,16,39.5,8,62.5,0,10
40,0,-10,10,-10,-10,8,-10,10,-10,10,-10,10,0,-10,-10,0,16,49.5,0,120,0,5
41,10,10,10,10,8,8,10,10,-10,10,10,10,0,10,10,-10,13,49.5,10,62.5,10,10
42,0,10,10,10,8,10,-10,10,10,10,-10,10,0,10,10,10,12,70,10,25,-10,10
43,10,10,0,10,8,10,10,0,0,10,10,10,0,-10,10,-10,12,70,-10,20,-10,5
44,0,10,10,10,8,10,10,10,10,10,10,10,0,10,10,10,20,70,10,62.5,10,10
45,0,10,10,10,10,10,10,10,10,10,10,10,0,10,10,10,20,59.5,10,120,10,10
46,-10,10,10,10,8,10,10,-10,-10,10,-10,-10,-10,0,10,10,13,70,-10,95,-10,10
47,0,10,10,10,10,10,10,10,10,10,0,10,0,10,10,10,12,70,10,20,0,-8
48,0,-8,10,-10,-10,-10,10,10,10,10,10,-10,-10,0,10,10,18,49.5,-10,120,-10,10
49,0,10,10,10,10,10,10,10,10,10,-10,10,0,10,10,10,20,49.5,-10,25,10,0
50,0,8,10,-10,10,10,0,0,0,10,10,-10,-10,0,10,-10,16,70,8,45,10,10
51,10,10,10,10,-10,-8,-10,-10,-10,10,10,10,0,-10,10,10,16,49.5,10,120,10,10
52,0,10,10,10,8,10,10,10,0,10,0,10,0,10,10,10,20,49.5,10,120,10,10
53,0,10,10,10,8,10,10,10,10,10,0,10,0,10,10,10,16,59.5,8,120,0,10
54,10,8,10,10,-10,8,10,10,10,10,10,10,0,10,10,-10,12,29.5,8,20,0,0
55,0,-10,10,-10,-10,-8,-10,10,10,10,-10,0,0,0,10,-10,20,49.5,-8,0,-10,10
56,0,8,10,10,-10,8,10,10,0,10,10,-10,-10,0,10,10,13,59.5,8,35,-10,-10
57,-10,8,10,10,8,10,10,10,10,10,10,10,0,10,10,10,20,70,8,120,10,5
58,0,10,10,10,8,10,10,10,10,10,10,10,0,10,10,10,14,70,8,62.5,0,0
59,0,10,10,10,8,10,10,0,10,10,0,10,0,10,10,10,16,70,10,120,10,10
60,-10,10,10,-10,8,10,10,-10,-10,10,-10,10,0,10,10,-10,12,49.5,10,62.5,-10,10
61,-10,-10,10,-10,8,10,-10,10,10,10,-10,10,0,10,-10,0,12,59.5,10,20,-10,-8
62,0,10,10,10,8,10,10,10,10,10,0,10,0,10,10,-10,13,70,10,25,0,5
63,-10,-10,10,-10,10,10,-10,-10,-10,10,-10,-10,10,0,10,10,13,70,10,20,0,5
64,0,10,10,10,10,10,10,-10,10,10,10,10,0,10,10,10,12,21,10,25,-10,0
65,0,10,10,-10,-10,10,10,10,10,10,-10,10,0,-10,10,-10,14,70,10,20,0,-10
66,10,10,10,10,8,8,10,10,10,10,0,10,0,10,10,10,12,70,8,45,0,10
67,10,-10,10,-10,-10,-10,10,10,10,10,10,-10,-10,0,10,-10,13,70,-10,120,-10,10
68,0,8,10,10,8,10,10,0,10,10,10,10,0,10,0,0,14,70,10,82.5,-10,10
69,0,10,10,0,8,10,10,10,10,10,0,10,0,10,10,0,16,70,8,0,0,5
70,0,10,10,10,8,10,10,10,10,10,-10,10,0,10,10,10,14,70,10,62.5,10,5
71,-10,8,8,0,-10,8,10,10,10,10,10,-10,10,0,10,-10,16,70,-10,120,-10,-10
72,0,8,8,10,-10,10,10,10,10,10,10,10,0,10,-10,0,16,70,-8,120,-10,10
73,0,10,10,10,8,10,0,10,10,10,-10,10,0,-10,10,-10,12,70,0,20,-10,8
74,10,10,10,10,8,10,10,10,10,10,-10,10,0,10,10,10,16,70,10,45,10,10
75,0,0,10,0,-10,10,-10,10,0,10,10,10,0,10,10,10,13,70,-10,25,-10,5
76,10,-10,10,10,-10,-10,0,10,10,10,10,10,0,10,-10,0,20,70,-10,95,-10,10
77,0,10,10,10,10,10,10,10,10,10,10,10,0,10,10,-10,20,59.5,10,120,10,10
78,0,10,10,10,10,10,10,10,10,10,0,10,0,10,10,10,16,70,8,62.5,-10,10
79,0,-10,8,-10,-10,-10,10,10,10,10,-10,-10,10,0,10,10,13,70,0,0,-10,10
80,0,8,10,-10,-10,8,-10,0,10,10,10,10,0,10,10,-10,14,70,10,0,0,5
81,10,10,10,10,8,10,-10,10,10,10,10,10,0,10,10,10,14,59.5,10,20,10,-10
82,0,10,10,10,8,8,10,10,10,10,0,0,0,0,10,-10,10,59.5,0,20,-10,10
83,0,-8,10,-10,-10,8,10,10,10,10,0,-10,-10,0,10,0,16,49.5,-10,25,-10,10
84,0,0,10,-10,-10,-10,10,10,-10,-10,-10,-10,-10,0,-10,0,16,39.5,-8,62.5,-10,0
85,0,10,10,10,10,10,10,10,10,10,-10,10,0,10,10,10,16,70,10,45,0,-10
86,0,10,10,10,10,10,10,10,10,10,0,10,0,10,10,0,20,49.5,0,120,0,10
87,-10,8,10,-10,0,8,10,10,10,10,-10,-10,0,0,10,10,13,39.5,-10,20,-10,-8
88,0,10,10,10,10,10,10,10,10,10,10,10,0,10,10,10,12,59.5,10,62.5,10,10
89,10,-8,10,10,8,10,10,0,0,10,0,10,0,10,10,10,20,70,10,95,0,-10
90,10,8,10,10,8,10,10,10,10,10,-10,10,0,10,-10,0,16,70,10,120,0,10
91,0,-10,-8,-10,-10,8,10,10,-10,10,-10,-10,-10,0,10,10,20,0,0,62.5,0,10
92,0,10,8,10,-10,8,10,10,-10,0,-10,10,0,10,10,-10,13,70,8,35,0,10
93,10,-8,10,10,-10,8,10,10,10,10,0,-10,-10,0,10,10,13,70,-10,62.5,-10,10
94,0,10,10,10,8,10,10,10,10,10,-10,10,0,10,10,10,14,21,-10,20,10,0
95,0,10,10,10,-10,10,10,10,10,10,-10,10,0,10,10,10,20,59.5,10,35,10,-10
96,0,10,8,-10,-10,0,10,10,-10,-10,0,-10,10,0,10,-10,12,70,-10,82.5,-10,10
97,-10,10,10,10,8,10,10,10,-10,10,0,10,0,10,10,10,14,70,-10,20,10,5
98,0,0,10,-10,-10,10,-10,10,10,10,10,-10,-10,0,10,10,13,70,-10,25,-10,5
99,-10,8,8,-10,-10,8,10,10,-10,10,10,10,0,-10,10,-10,12,70,-8,35,-10,10
100,-10,10,10,10,8,10,10,10,10,10,-10,10,0,10,10,10,14,70,10,45,10,10
101,0,10,8,-10,8,10,10,10,0,10,-10,10,0,10,10,-10,14,49.5,0,25,10,0
102,10,10,10,10,10,10,-10,10,10,10,-10,-10,10,0,-10,0,8,39.5,-8,25,-10,-8
103,-10,-8,10,-10,0,10,10,0,10,10,0,10,0,10,10,10,14,59.5,0,0,0,10
104,10,10,10,10,8,10,0,10,10,10,10,10,0,10,10,10,20,70,10,0,0,0
105,10,0,-8,-10,-10,-8,10,10,10,10,-10,-10,-10,0,10,10,16,59.5,-8,120,-10,10
106,-10,10,10,10,10,10,10,10,10,10,0,10,0,0,10,10,16,29.5,0,35,-10,0
107,0,10,10,10,10,10,10,10,10,10,0,10,0,10,10,10,16,49.5,10,120,0,10
108,-10,-10,10,-10,-10,-10,-10,-10,10,-10,-10,-10,-10,0,10,-10,12,59.5,-10,82.5,-10,10
109,10,10,10,10,10,10,10,10,10,10,0,10,0,10,10,10,12,0,0,25,0,10
110,-10,8,10,10,8,8,10,10,10,10,-10,10,0,10,10,10,14,59.5,8,62.5,0,0
111,10,-8,10,-10,-10,-10,0,0,0,0,10,-10,0,0,0,0,20,70,0,120,-10,5
112,0,10,10,10,8,10,10,10,10,10,-10,10,0,10,10,10,14,59.5,10,20,0,-10
113,0,0,10,0,0,8,0,10,10,10,0,10,0,-10,10,10,13,70,10,25,0,5
114,10,10,10,10,10,10,10,10,10,10,-10,10,0,10,10,10,20,70,8,45,10,5
115,-10,10,10,10,8,8,10,10,10,10,10,10,0,10,10,10,16,70,10,120,10,10
116,-10,8,10,10,-10,10,10,10,-10,10,0,10,0,10,10,0,14,59.5,10,20,10,-10
117,10,8,10,10,8,10,10,10,10,10,-10,10,0,10,10,10,16,70,-8,120,0,10
118,0,10,8,10,-10,10,10,10,10,10,10,10,0,10,10,10,16,49.5,10,120,10,-8
119,0,10,10,0,0,10,10,10,10,10,10,10,0,10,10,10,20,59.5,-10,120,0,10
120,0,10,10,10,-10,-10,0,10,10,10,0,10,0,10,10,-10,16,59.5,-10,0,-10,10
121,0,10,10,10,8,10,10,10,10,10,10,10,0,10,10,10,14,49.5,10,0,10,0
122,10,10,10,10,8,10,10,10,10,10,10,10,0,10,10,10,20,70,10,82.5,10,-10
123,0,8,8,10,8,10,-10,10,10,10,0,10,0,10,10,10,12,70,-10,20,0,5
124,10,8,10,-10,-10,-8,10,10,10,10,10,10,0,10,10,-10,16,70,10,25,10,-10
125,0,10,10,10,8,10,0,0,0,0,0,10,0,10,10,10,12,70,10,25,10,0
126,-10,-10,10,10,-10,8,-10,10,-10,10,-10,10,0,-10,10,-10,16,70,-10,45,-10,5
127,0,10,10,-10,8,10,10,10,-10,-10,10,10,0,10,10,10,12,59.5,10,20,0,0
128,0,10,10,10,-10,10,-10,10,-10,-10,-10,10,0,10,-10,0,10,70,10,20,0,10
129,0,-8,10,-10,-10,8,-10,10,10,10,10,10,0,10,10,10,13,70,10,62.5,-10,10
130,0,8,10,10,8,10,10,10,10,10,10,10,0,10,10,10,20,70,10,0,0,10
131,0,-10,8,-10,-10,-10,-10,10,10,10,10,-10,-10,0,10,-10,14,70,-10,45,-10,10
132,0,10,10,10,0,0,10,0,10,10,10,10,0,10,10,10,12,70,10,120,0,5
133,0,10,10,10,8,10,-10,10,10,10,10,10,0,10,10,10,20,70,10,120,10,10
134,0,8,10,-10,-10,8,10,10,10,10,-10,10,0,10,10,-10,13,70,-10,82.5,-10,10
135,10,10,10,10,8,10,10,10,10,10,10,10,0,10,10,10,20,59.5,10,45,10,0
136,-10,10,10,10,8,10,10,10,-10,10,-10,10,0,10,10,-10,16,49.5,10,45,10,10
137,0,-8,8,-10,-10,-8,10,10,10,10,-10,10,0,10,10,10,20,49.5,-10,120,0,10
138,0,8,10,10,8,10,-10,10,-10,-10,-10,10,0,10,10,10,20,49.5,10,62.5,0,-10
139,10,10,10,10,8,10,10,10,10,10,-10,10,0,10,10,-10,16,59.5,-10,0,-10,10
140,0,-10,8,-10,-10,-10,10,10,-10,10,10,-10,-10,0,-10,0,14,70,-8,120,0,10
141,0,8,10,10,8,10,10,10,10,10,0,10,0,10,10,10,10,70,10,25,10,10
142,0,10,10,10,8,10,10,10,10,10,10,10,0,10,10,10,12,70,10,45,10,10
143,0,10,8,10,-10,10,-10,0,10,-10,-10,10,0,10,10,10,16,70,-10,0,-10,10
144,0,10,10,10,-10,10,10,-10,-10,10,-10,10,0,10,10,-10,16,59.5,-8,120,0,10
145,-10,8,10,10,-10,10,10,10,-10,-10,-10,-10,-10,0,-10,0,16,70,-10,0,-10,5
146,0,8,10,-10,-10,8,10,10,-10,10,10,10,0,0,10,0,16,59.5,10,0,-10,10
147,10,10,10,10,8,10,10,10,10,10,10,10,0,10,10,10,20,59.5,8,20,10,0
148,-10,8,10,-10,-10,-8,10,10,10,10,10,-10,10,0,10,-10,12,39.5,10,82.5,-10,10
149,10,10,10,-10,8,10,-10,10,10,10,-10,10,0,10,10,10,10,70,10,25,-10,5
150,0,10,10,10,-10,8,10,10,10,10,0,10,0,10,10,10,12,39.5,0,20,-10,10
151,10,10,10,10,8,10,10,0,10,10,-10,-10,10,0,10,10,12,49.5,10,0,0,-8
152,0,10,10,-10,-10,10,-10,10,-10,10,10,10,0,10,10,10,12,49.5,-8,20,-10,0
153,-10,10,10,10,8,10,10,10,10,10,10,10,0,10,10,10,14,70,10,62.5,0,10
154,0,8,10,-10,8,8,-10,10,10,10,-10,10,0,10,10,-10,20,70,-10,120,0,10
155,-10,8,10,10,-10,10,-10,-10,-10,-10,-10,10,0,10,10,10,12,70,-10,20,-10,-10
156,0,10,10,10,8,10,10,10,10,10,10,10,0,10,10,10,13,70,8,20,10,5
157,10,-10,8,-10,-10,-10,10,10,-10,10,10,-10,-10,0,10,-10,13,59.5,-8,62.5,-10,10
158,0,-8,-10,-10,-10,10,10,10,10,10,10,-10,10,0,-10,0,16,70,0,82.5,0,8
159,0,-10,10,-10,-10,-10,10,10,10,10,10,-10,-10,0,0,0,20,59.5,-8,120,-10,-10
160,10,10,10,10,8,10,10,10,10,10,0,10,0,10,10,10,14,59.5,10,120,10,10
161,0,-8,10,-10,8,10,10,10,10,10,0,10,0,10,10,10,16,70,-10,120,-10,10
162,10,10,10,10,8,10,-10,10,10,10,-10,10,0,10,10,10,10,59.5,8,20,-10,8
163,0,10,10,10,8,10,0,0,0,10,0,10,0,10,10,10,16,70,0,120,10,10
164,-10,10,10,-10,-10,-10,10,10,10,10,-10,-10,-10,0,10,-10,12,49.5,-10,0,-10,10
165,0,10,10,10,0,10,10,10,10,10,0,10,0,10,10,10,16,59.5,10,62.5,10,0
166,0,10,10,10,8,10,-10,10,10,10,-10,-10,10,0,10,10,14,39.5,10,20,10,10
167,10,8,10,-10,-10,8,10,10,-10,10,-10,-10,-10,0,10,10,16,49.5,-10,45,-10,10
168,0,-10,8,-10,-10,-10,-10,-10,-10,-10,-10,-10,-10,0,-10,0,16,70,-10,62.5,-10,10
169,0,-10,8,-10,8,10,-10,-10,10,10,-10,-10,10,0,10,10,8,70,10,20,10,10
170,0,10,10,10,10,10,-10,10,0,0,0,0,0,0,0,0,20,70,8,35,-10,0
171,0,-10,-10,-10,-10,-10,10,10,10,10,-10,-10,-10,0,10,10,12,21,-8,82.5,-10,0
172,10,8,10,-10,-10,8,10,10,10,10,0,10,0,10,-10,0,18,70,0,0,-10,-10
173,10,-10,10,-10,-10,8,0,10,-10,10,-10,10,0,10,10,10,12,70,-10,20,-10,5
174,0,10,10,10,0,10,-10,10,10,10,10,10,0,10,10,10,20,70,10,95,10,5
175,0,8,10,10,-10,10,10,0,0,0,-10,-10,10,0,10,10,14,59.5,10,82.5,0,-10
176,-10,10,10,10,10,10,-10,-10,10,10,10,10,0,10,10,-10,13,49.5,0,35,-10,10
177,10,10,10,10,10,10,10,10,10,10,0,10,0,10,10,10,12,59.5,10,20,0,-10
178,10,10,10,10,8,10,10,10,10,10,10,10,0,10,10,10,12,29.5,8,25,0,0
179,-10,-8,10,10,-10,8,10,10,10,-10,-10,10,0,10,10,10,20,70,-10,0,0,10
180,-10,10,10,10,-10,10,10,10,10,10,-10,10,0,10,10,10,14,59.5,-10,25,-10,5
181,0,-10,10,-10,-10,-10,-10,10,10,-10,-10,10,0,-10,10,10,10,21,10,20,0,0
182,0,10,10,10,8,8,10,10,10,10,-10,10,0,10,10,10,16,49.5,10,120,10,10
183,10,10,10,10,8,10,-10,10,10,10,-10,10,0,-10,10,-10,10,39.5,10,25,-10,5
184,0,0,10,-10,-10,-10,10,10,10,10,-10,-10,-10,0,10,10,12,70,-10,0,-10,10
185,0,10,10,10,0,10,10,10,10,10,-10,10,0,10,10,10,20,49.5,10,35,10,10
186,0,10,10,10,-10,10,-10,10,10,-10,0,10,0,10,10,10,14,59.5,10,35,10,0
187,0,10,10,10,-10,8,0,0,10,10,0,10,0,10,10,10,12,70,-10,45,0,10
188,0,8,10,0,8,10,0,10,10,10,-10,10,0,10,10,-10,13,59.5,8,62.5,0,-10
189,0,10,10,10,8,10,-10,10,10,10,10,10,0,10,10,10,14,70,8,82.5,10,10
190,0,8,8,10,10,-8,10,10,10,10,10,10,0,-10,10,10,12,21,8,120,10,0
191,0,8,10,10,8,10,10,10,10,10,10,10,0,10,10,10,20,49.5,10,120,10,10
192,-10,-10,10,-10,8,10,10,-10,-10,10,-10,-10,10,0,10,10,12,70,-10,62.5,-10,5
193,-10,10,10,10,10,10,-10,10,10,10,10,10,0,10,10,10,20,70,10,62.5,10,5
194,0,0,0,0,-10,8,-10,0,10,10,0,10,0,10,10,10,16,21,10,0,-10,0
195,10,8,10,10,-10,10,10,10,0,10,0,10,0,-10,10,-10,13,39.5,10,35,0,-10
196,10,-10,8,-10,-10,-8,10,10,10,10,10,10,0,10,-10,0,16,59.5,10,25,10,0
197,0,10,10,10,0,10,10,10,10,10,10,10,0,10,10,10,20,59.5,10,82.5,10,0
198,10,8,10,10,10,8,-10,10,-10,10,-10,-10,10,0,10,10,10,21,8,20,-10,0
199,0,10,10,-10,10,10,-10,10,10,-10,-10,-10,10,0,-10,0,13,59.5,-10,120,0,-10
200,0,8,8,10,-10,8,10,-10,-10,10,10,-10,10,0,10,10,13,49.5,-10,120,0,10
201,-10,8,10,10,8,10,10,10,10,10,0,10,0,10,10,10,20,70,10,120,10,5
202,10,8,10,-10,-10,8,10,10,-10,10,10,-10,10,0,10,10,13,59.5,-8,35,10,10
203,10,-10,10,10,-10,-8,10,10,10,10,-10,10,0,10,10,-10,12,70,8,35,-10,5
204,0,8,10,10,-10,10,-10,-10,-10,-10,-10,10,0,10,10,10,20,70,10,45,-10,10
205,10,8,10,10,-10,10,-10,10,10,10,10,10,0,10,10,10,20,29.5,8,62.5,10,10
206,0,8,10,10,0,10,0,0,0,0,0,0,0,0,10,10,12,39.5,0,25,-10,8
207,0,8,8,10,-10,8,-10,-10,10,10,0,10,0,-10,10,-10,13,70,-10,25,0,10
208,0,10,10,10,0,10,10,10,10,10,0,10,0,10,10,10,16,70,8,120,0,10
209,0,10,10,10,8,10,-10,10,10,10,-10,10,0,0,10,-10,8,70,8,20,10,5
210,0,10,10,-10,-10,-8,-10,-10,-10,-10,0,-10,-10,0,0,0,12,70,-10,35,0,-10
211,0,-8,10,-10,-10,-10,10,10,-10,10,10,-10,-10,0,10,-10,12,70,10,25,-10,5
212,10,8,8,10,8,10,10,10,10,10,10,10,0,10,10,10,12,70,10,35,10,10
213,0,8,10,10,-10,10,10,10,0,10,0,10,0,10,-10,0,20,59.5,-8,0,0,10
214,10,-8,8,-10,-10,-8,10,10,10,10,10,10,0,-10,10,-10,20,70,8,0,0,10
215,0,10,10,10,8,10,10,10,0,10,0,10,0,10,10,0,16,70,10,20,0,0
216,0,-10,10,-10,-10,-10,10,10,10,10,-10,10,0,10,10,10,13,59.5,-10,120,-10,10
217,0,-10,0,-10,-10,-10,10,10,10,10,10,10,0,0,10,10,12,70,-10,35,-10,5
218,0,0,10,-10,-10,-10,10,10,-10,10,-10,-10,-10,0,10,-10,12,70,-10,20,-10,10
219,0,-10,10,-10,-10,-8,-10,10,-10,10,10,10,0,-10,10,10,16,49.5,-10,120,-10,8
220,10,10,10,10,10,10,10,10,10,10,-10,10,0,10,10,10,16,39.5,8,120,10,10
221,0,-10,8,-10,-10,-10,10,10,10,10,-10,-10,-10,0,-10,0,16,21,0,120,0,10
222,10,-8,10,-10,-10,8,10,0,-10,10,0,-10,10,0,10,-10,12,70,-10,25,-10,5
223,0,-8,10,-10,8,-8,0,10,0,10,-10,-10,-10,0,-10,0,16,70,-10,62.5,-10,5
224,0,-10,10,-10,-10,-10,10,10,0,10,-10,10,0,-10,10,-10,12,70,-10,35,-10,-10
225,0,10,10,10,8,10,10,10,0,10,0,10,0,10,10,10,14,70,10,35,10,5
226,0,10,10,10,10,10,10,10,10,10,-10,10,0,10,10,10,16,59.5,10,82.5,0,10
227,0,10,10,10,8,10,10,10,10,10,-10,10,0,10,10,10,20,59.5,8,120,0,10
228,0,8,10,10,8,10,10,10,10,10,-10,10,0,10,10,10,16,59.5,10,120,10,10
229,0,-10,10,-10,-10,-10,10,10,10,10,0,-10,-10,0,-10,0,12,70,-10,62.5,-10,5
230,10,8,10,10,8,8,10,10,10,10,0,10,0,10,10,-10,12,70,10,35,0,10
231,0,-8,10,10,8,10,10,-10,-10,10,10,10,0,10,10,10,13,59.5,10,20,10,10
232,0,10,10,10,-10,10,10,10,10,10,-10,10,0,10,10,-10,12,70,-10,25,10,-10
233,0,8,10,10,-10,10,10,10,10,10,10,10,0,10,10,10,20,59.5,0,0,0,10
234,0,8,10,-10,-10,8,-10,10,10,10,-10,10,0,10,10,10,16,70,-10,20,0,5
235,10,10,10,10,0,10,10,10,-10,10,-10,10,0,10,10,-10,16,70,8,62.5,0,5
236,0,8,10,10,-10,10,-10,10,-10,10,10,10,0,10,10,0,16,59.5,10,82.5,10,10
237,0,10,10,10,-10,10,10,0,0,10,-10,10,0,10,10,10,20,70,10,0,0,10
238,10,10,10,10,8,10,-10,10,0,10,10,10,0,10,10,10,12,59.5,10,120,10,10
239,10,10,10,-10,8,-8,10,10,-10,10,-10,10,0,10,10,10,16,70,10,62.5,0,0
240,0,10,10,0,-10,10,0,0,0,10,0,10,0,-10,-10,0,12,70,-8,0,-10,10
241,0,-10,10,-10,-10,-8,-10,10,-10,10,0,10,0,10,10,-10,18,49.5,-10,25,-10,5
242,10,10,10,10,8,10,10,10,10,10,10,10,0,10,10,10,16,70,10,120,10,10
243,-10,-10,10,-10,-10,10,0,10,10,10,0,10,0,10,10,0,14,59.5,-10,0,-10,10
244,0,10,10,0,0,10,0,10,10,10,0,10,0,10,10,0,12,70,-10,62.5,-10,5
245,0,10,10,10,8,8,0,10,10,10,0,-10,-10,0,10,10,10,70,10,20,-10,10
246,0,10,10,10,10,10,10,10,10,10,10,10,0,-10,10,10,20,59.5,-10,95,-10,0
247,0,-10,10,-10,8,-8,10,10,10,10,-10,10,0,10,10,10,12,49.5,-8,62.5,-10,10
248,-10,-10,-10,-10,-10,-10,10,10,10,10,0,-10,-10,0,10,-10,16,59.5,0,0,0,10
249,-10,-10,10,10,-10,8,-10,10,10,10,-10,-10,0,0,10,-10,10,70,10,25,-10,-10
250,0,0,10,10,0,10,10,-10,0,0,0,-10,10,0,0,0,20,70,-8,62.5,0,-10
251,10,10,10,-10,-10,10,10,10,10,10,-10,10,0,10,10,10,20,70,10,25,0,0
252,0,10,8,-10,8,10,0,10,10,10,-10,-10,-10,0,10,0,12,70,-10,62.5,-10,5
253,0,10,10,10,10,10,10,10,10,10,10,10,0,10,10,10,18,59.5,10,120,0,10
254,10,10,10,10,8,10,10,10,10,10,-10,10,0,-10,10,10,16,49.5,10,62.5,-10,10
255,10,10,10,10,10,10,-10,10,10,10,-10,10,0,10,10,10,12,70,8,35,0,5
256,0,8,10,10,0,10,10,10,10,10,10,10,0,10,10,10,16,70,10,62.5,0,8
257,0,8,10,-10,-10,10,10,10,-10,10,-10,10,0,-10,10,10,16,70,-10,25,0,-10
258,0,10,-10,-10,-10,8,10,10,10,10,-10,10,0,-10,-10,0,13,70,-10,120,-10,10
259,0,10,10,10,-10,10,-10,10,10,10,10,10,0,10,10,10,14,49.5,-8,20,10,-10
260,0,-8,8,-10,-10,-10,10,0,0,10,10,-10,0,0,10,-10,14,70,-10,0,-10,10
261,0,-8,10,-10,-10,8,10,10,10,10,-10,10,0,10,10,-10,20,70,-8,82.5,-10,5
262,0,-10,10,-10,-10,10,10,10,10,10,10,10,0,10,10,0,12,70,-8,0,0,8
263,10,8,10,-10,-10,8,-10,10,10,-10,0,10,0,10,10,10,16,70,-10,0,-10,10
264,10,10,10,10,10,10,10,10,10,10,10,10,0,10,10,10,16,29.5,8,62.5,10,0
265,0,8,10,10,-10,8,10,10,-10,10,-10,10,0,10,10,-10,16,59.5,-8,0,0,10
266,-10,10,8,-10,8,-10,10,10,-10,10,10,-10,10,0,10,-10,14,70,-10,45,-10,10
267,-10,10,10,10,-10,10,10,10,10,10,0,10,0,10,10,10,14,29.5,-10,62.5,-10,10
268,0,-10,-10,-10,-10,-10,10,10,-10,10,-10,-10,-10,0,-10,0,20,59.5,0,95,-10,10
269,0,-10,10,-10,-10,-10,10,0,0,10,0,-10,-10,0,10,-10,16,70,0,45,-10,10
270,10,-10,8,-10,-10,-8,10,10,10,10,10,10,0,10,10,10,16,49.5,-10,0,-10,10
271,0,8,10,10,-10,8,-10,10,10,10,-10,10,0,10,10,10,16,49.5,-8,120,0,10
272,0,-10,-10,10,8,0,10,0,0,0,-10,10,0,10,10,0,13,49.5,8,25,0,10
273,0,10,10,10,-10,10,0,0,0,0,0,10,0,10,10,-10,20,49.5,10,45,0,10
274,10,10,10,10,10,10,10,10,-10,10,10,10,0,-10,10,-10,16,70,-8,95,-10,10
275,0,-8,10,-10,-10,-8,10,-10,-10,10,-10,-10,-10,0,10,-10,14,49.5,-10,95,-10,10
276,0,-8,10,-10,-10,-8,10,10,10,10,10,10,0,10,10,10,16,59.5,-10,45,0,10
277,0,10,10,10,-10,-8,10,10,-10,10,10,10,0,10,10,10,16,49.5,0,35,0,10
278,0,10,10,10,8,10,10,10,10,10,10,10,0,10,10,10,20,49.5,10,120,10,10
279,10,-8,10,-10,-10,-10,10,10,10,10,-10,-10,-10,0,10,10,12,70,-10,25,-10,10
280,0,-8,8,-10,-10,8,10,10,10,10,10,10,0,0,-10,0,12,59.5,0,0,-10,10
281,10,10,8,10,8,10,10,10,10,10,-10,-10,-10,0,10,10,14,49.5,-10,120,-10,10
282,0,0,8,0,0,-8,10,0,0,10,0,0,0,0,10,10,12,70,0,45,0,10
283,0,10,10,10,8,10,0,10,10,0,0,0,0,0,10,10,8,70,10,0,-10,10
284,0,8,10,10,0,10,-10,10,10,10,-10,10,0,10,10,10,13,70,10,0,10,5
285,0,-8,10,10,8,10,-10,10,-10,-10,-10,-10,10,0,10,10,12,70,10,20,0,8
286,0,8,10,10,0,10,-10,10,0,10,-10,10,0,10,10,10,16,59.5,10,120,10,10
287,0,10,10,10,-10,8,10,10,-10,10,-10,10,0,10,10,-10,16,49.5,-10,35,0,0
288,0,8,10,10,-10,10,-10,10,10,10,0,0,0,0,-10,0,12,70,0,20,0,-10
289,0,8,10,10,8,10,10,10,0,10,0,10,0,10,10,10,13,49.5,-10,25,0,-10
290,0,10,10,10,8,10,10,10,-10,10,-10,10,0,10,10,10,12,49.5,10,20,0,10
291,0,10,8,10,-10,10,-10,-10,-10,-10,-10,-10,10,0,10,-10,8,70,10,20,0,5
292,0,10,10,10,8,10,10,10,10,10,0,10,0,10,10,10,20,70,8,45,10,-10
293,0,10,10,10,8,10,10,10,10,10,-10,10,0,10,10,10,13,70,10,35,0,10
294,-10,10,10,10,8,10,10,10,0,10,0,10,0,10,10,10,12,70,8,20,0,-10
295,-10,-8,10,-10,-10,0,10,10,0,10,0,10,0,-10,10,10,16,70,-10,82.5,-10,10
296,0,0,10,0,8,8,10,10,0,10,0,-10,10,0,10,-10,14,70,-10,82.5,-10,10
297,0,-10,8,-10,-10,8,10,10,10,-10,-10,10,0,0,10,10,14,70,0,35,0,10
298,0,8,10,10,-10,10,10,0,0,10,0,-10,10,0,10,10,20,70,0,0,10,0
299,0,8,10,-10,8,-8,10,10,0,10,0,-10,-10,0,-10,0,20,70,-10,0,-10,10
300,0,10,10,10,8,10,10,10,10,10,0,10,0,10,0,0,13,70,10,20,0,8
301,0,10,10,-10,-10,-10,0,0,-10,0,0,-10,-10,0,-10,0,12,70,0,35,0,5
302,-10,8,10,10,-10,10,10,10,10,10,10,10,0,10,10,10,13,21,10,25,0,-8
303,0,10,10,10,8,10,10,10,10,10,-10,10,0,10,10,10,20,70,10,0,10,10
304,-10,10,10,10,0,8,10,10,10,10,10,0,0,0,10,10,20,39.5,-10,120,0,10
305,-10,8,10,10,8,10,0,10,10,10,0,10,0,10,10,10,14,70,10,0,10,5
306,0,10,10,10,10,10,10,10,10,10,10,10,0,10,10,10,16,70,10,45,10,-10
307,0,8,10,10,-10,10,10,10,10,10,0,10,0,10,10,10,20,49.5,10,35,10,10
308,0,10,10,10,-10,10,10,10,10,10,10,10,0,10,10,10,16,59.5,10,120,0,10
309,0,10,10,10,8,10,10,10,10,10,0,10,0,10,10,10,20,70,10,62.5,10,10
310,0,8,-10,-10,8,-10,-10,-10,-10,-10,-10,-10,10,0,10,-10,12,29.5,10,0,10,-8
311,-10,10,10,10,-10,8,10,10,10,10,10,10,0,10,10,10,12,49.5,10,20,-10,10
312,10,-8,8,-10,-10,8,10,10,10,10,-10,10,0,-10,10,-10,16,29.5,-10,35,-10,10
313,0,-10,10,-10,-10,-8,-10,0,-10,-10,0,10,0,-10,10,10,12,59.5,-8,0,0,10
314,0,-10,-10,-10,-10,-10,10,10,-10,10,-10,-10,10,0,-10,0,16,70,-10,45,-10,10
315,0,8,10,-10,-10,10,-10,10,10,10,-10,-10,-10,0,10,10,12,70,-10,25,10,10
316,0,-10,10,-10,-10,8,10,10,-10,10,-10,10,0,-10,10,-10,20,70,-10,0,0,10
317,0,-10,10,-10,-10,-10,0,0,0,10,-10,-10,10,0,10,10,10,70,-10,0,10,5
318,10,-10,10,-10,-10,8,10,-10,-10,10,-10,-10,-10,0,10,-10,13,70,-8,62.5,-10,10
319,0,10,10,10,10,10,10,10,10,10,10,10,0,10,10,-10,20,70,10,120,10,10
320,0,10,10,10,8,10,10,10,10,10,0,10,0,10,10,10,16,70,10,82.5,10,10
321,0,8,10,10,10,-8,10,-10,-10,10,10,-10,10,0,10,-10,12,59.5,-8,20,-10,-10
322,0,-10,-10,10,-10,-10,10,10,10,10,10,10,0,10,10,10,12,70,10,20,0,10
323,0,8,-10,-10,-10,-10,10,10,10,10,-10,-10,-10,0,-10,0,18,70,-8,82.5,-10,10
324,-10,-10,-10,-10,-10,-10,10,-10,-10,10,-10,-10,10,0,-10,0,12,70,-8,62.5,-10,0
325,-10,10,10,10,10,10,10,10,-10,10,10,-10,10,0,10,-10,12,70,8,25,0,5
326,10,10,10,10,10,10,10,10,10,10,10,10,0,10,10,10,16,39.5,8,120,10,10
327,-10,8,10,-10,-10,10,-10,10,0,10,10,10,0,10,10,-10,13,59.5,-8,35,10,10
328,0,10,10,10,8,10,10,10,10,10,10,10,0,10,10,10,20,70,8,0,0,10
329,0,10,10,-10,-10,-8,10,10,-10,-10,-10,-10,-10,0,10,-10,13,70,-8,20,10,-10
330,0,10,10,10,8,10,10,10,10,10,10,10,0,0,10,10,13,70,10,20,10,5
331,10,8,8,10,8,10,10,10,10,10,-10,10,0,10,10,10,16,70,10,62.5,10,10
332,-10,10,10,10,-10,10,10,10,10,10,-10,10,0,10,10,10,16,59.5,10,45,0,-10
333,0,10,10,10,10,10,0,0,0,0,-10,10,0,10,10,-10,8,59.5,8,0,0,10
334,0,-8,10,-10,-10,8,10,10,10,10,-10,10,0,-10,10,-10,16,49.5,-10,120,0,10
335,10,8,10,10,-10,10,10,10,10,10,10,10,0,10,10,10,20,59.5,10,120,10,0
336,10,-10,10,-10,0,-8,10,0,10,10,10,-10,10,0,10,10,13,70,-10,35,-10,0
337,0,10,10,10,8,10,10,0,10,10,0,10,0,10,10,10,20,70,10,120,0,10
338,10,10,10,10,10,10,10,10,10,10,-10,10,0,10,10,10,12,70,10,35,10,10
339,0,10,10,10,8,0,10,10,10,10,0,10,0,10,10,10,20,70,10,45,10,-10
340,0,-10,8,-10,-10,-10,10,10,10,10,-10,-10,-10,0,10,-10,16,70,-10,120,-10,10
341,0,-10,8,-10,-10,-10,10,10,10,10,10,10,0,0,0,0,20,59.5,-10,120,-10,0
342,10,-10,-10,-10,-10,-10,10,10,10,10,10,10,0,10,-10,0,13,59.5,-10,120,-10,10
343,10,10,10,10,10,10,10,10,10,10,10,10,0,10,10,10,12,49.5,10,35,10,0
344,0,10,-8,-10,-10,-10,0,10,0,10,0,-10,-10,0,-10,0,12,59.5,0,20,10,10
345,0,10,10,10,10,10,-10,10,10,10,-10,10,0,10,10,10,20,59.5,10,35,10,8
346,0,-10,10,-10,-10,-10,10,10,-10,10,-10,-10,-10,0,-10,0,20,0,-8,95,0,-10
347,0,8,10,10,8,-8,0,10,0,10,-10,10,0,10,10,10,20,70,-10,120,-10,-10
348,-10,10,10,10,8,10,-10,-10,-10,-10,-10,10,0,0,10,0,12,70,-10,25,0,8
349,0,10,10,10,8,8,-10,10,10,0,10,10,0,10,10,10,16,70,8,62.5,0,10
350,10,-8,10,-10,-10,8,10,-10,-10,10,0,-10,10,0,10,-10,13,70,-10,62.5,-10,10
351,0,10,10,10,8,10,-10,10,10,10,10,10,0,10,10,10,13,70,10,25,0,-10
352,-10,-10,10,-10,-10,-10,-10,-10,0,-10,10,-10,0,0,10,0,12,70,10,25,10,5
353,0,10,10,10,8,10,10,10,10,10,0,10,0,10,10,10,16,70,10,25,10,10
354,-10,10,10,10,10,10,-10,10,10,10,0,10,0,10,10,10,20,70,-10,62.5,-10,-10
355,10,-10,10,-10,-10,0,0,0,0,0,0,10,0,10,10,10,12,70,-10,25,-10,5
356,10,10,-8,10,10,10,10,10,10,10,-10,10,0,10,10,10,20,49.5,0,120,10,10
357,10,10,10,10,8,10,0,10,10,10,0,10,0,10,10,10,16,59.5,10,120,0,10
358,0,8,10,10,8,10,10,10,10,10,-10,10,0,10,10,10,20,70,10,82.5,10,10
359,10,10,10,10,8,10,10,10,10,10,0,10,0,10,10,10,14,59.5,8,35,10,10
360,-10,10,10,10,8,10,10,0,0,10,0,10,0,10,10,10,16,59.5,8,120,0,10
361,10,10,10,10,8,10,10,10,10,10,-10,10,0,10,10,10,16,70,10,35,10,10
362,0,10,10,10,8,10,10,10,10,10,-10,10,0,10,10,10,20,59.5,10,120,10,10
363,10,10,10,10,8,10,10,-10,-10,10,-10,10,0,10,10,10,13,59.5,10,20,0,10
364,10,-10,8,-10,-10,10,10,0,0,10,0,10,0,10,-10,0,20,0,0,0,-10,10
365,10,8,10,10,10,10,-10,10,10,10,10,10,0,10,10,10,20,70,8,120,0,10
366,10,8,10,-10,-10,8,10,10,10,10,0,10,0,10,10,-10,13,70,-10,82.5,-10,10
367,-10,8,10,10,8,8,10,0,0,10,0,-10,-10,0,10,-10,13,70,-10,0,-10,10
368,10,8,10,-10,-10,-10,10,10,10,10,-10,10,0,-10,-10,0,12,70,-10,35,0,10
369,0,8,8,10,-10,10,10,10,-10,10,-10,10,0,10,0,0,13,49.5,0,25,-10,10
370,0,10,10,10,8,10,10,10,10,10,-10,10,0,10,10,10,14,70,10,25,10,-8
371,10,-8,8,10,-10,-8,10,-10,0,0,10,-10,-10,0,10,10,16,70,-10,45,-10,5
372,0,-8,10,10,8,8,-10,10,10,10,10,10,0,-10,10,-10,16,59.5,-10,120,-10,10
373,0,10,10,10,8,10,10,10,10,10,10,10,0,10,10,10,20,70,10,82.5,0,0
374,0,-10,-10,-10,-10,-8,10,0,-10,10,0,0,0,0,-10,0,10,70,-10,20,-10,5
375,0,10,10,10,8,10,-10,10,10,10,-10,10,0,10,10,10,12,59.5,10,45,0,10
376,0,-8,10,-10,-10,8,10,10,-10,10,0,-10,-10,0,-10,0,20,39.5,-10,120,-10,10
377,-10,10,10,10,8,10,10,10,10,10,-10,10,0,10,10,10,20,70,8,62.5,10,5
378,10,-10,8,-10,-10,-8,-10,10,10,10,-10,10,0,10,10,10,20,39.5,-10,120,0,10
379,0,-10,10,-10,-10,-10,-10,-10,-10,10,10,-10,-10,0,10,10,12,59.5,-10,35,-10,0
380,-10,10,10,10,-10,-10,10,0,0,10,0,-10,-10,0,-10,0,14,70,-10,62.5,-10,10
381,0,-10,8,10,10,-10,-10,-10,10,-10,-10,-10,-10,0,10,-10,16,70,-8,62.5,0,10
382,0,8,8,10,8,8,10,0,0,10,-10,10,0,10,10,0,13,70,8,25,0,5
383,0,10,10,10,10,10,-10,10,10,10,-10,10,0,10,10,10,12,70,10,20,10,-10
384,-10,-10,-10,-10,8,-8,10,10,0,10,-10,-10,-10,0,10,10,16,39.5,-8,120,-10,10
385,0,-10,10,10,8,10,10,10,10,10,0,10,0,10,10,10,20,39.5,10,120,10,-8
386,0,8,-8,-10,-10,-10,10,0,-10,0,0,-10,-10,0,-10,0,16,70,-8,25,-10,5
387,0,10,10,10,8,10,10,10,10,10,-10,10,0,10,10,10,20,70,8,120,0,10
388,0,-8,8,10,-10,10,10,10,0,10,-10,10,0,-10,10,-10,16,70,-10,95,-10,10
389,10,10,10,10,8,10,-10,10,-10,10,10,10,0,10,10,-10,12,59.5,10,62.5,0,10
390,0,8,10,-10,-10,-10,-10,10,-10,10,-10,-10,-10,0,-10,0,12,70,8,62.5,0,5
391,0,-10,10,-10,-10,-10,10,10,10,10,10,-10,-10,0,10,-10,16,70,-8,95,-10,8
392,0,8,8,-10,-10,8,10,10,10,10,-10,10,0,10,10,-10,20,70,0,62.5,-10,-10
393,0,8,10,-10,-10,10,10,10,-10,10,10,-10,10,0,-10,0,13,70,-8,45,10,10
394,-10,10,10,10,10,10,10,10,10,10,10,10,0,10,10,10,12,70,8,62.5,0,10
395,0,10,10,10,10,10,10,10,10,10,10,10,0,10,10,10,14,70,8,120,0,10
396,10,10,10,10,8,10,-10,10,10,10,10,10,0,10,10,10,16,70,0,0,0,5
397,0,10,10,10,8,10,10,10,10,10,-10,10,0,10,10,10,20,70,10,120,10,0
398,0,8,10,10,8,10,10,0,0,0,0,10,0,10,10,0,16,70,0,25,0,-10
399,10,10,10,10,-10,8,-10,10,10,10,10,-10,10,0,-10,0,13,59.5,-10,35,-10,10
400,0,10,10,10,8,10,10,10,10,10,-10,10,0,10,10,10,20,59.5,10,82.5,0,5
401,0,8,10,10,8,10,10,10,10,10,10,10,0,-10,10,-10,14,29.5,8,120,0,8
402,0,-10,10,-10,-10,-10,10,0,10,10,-10,-10,0,0,10,0,16,70,0,120,-10,10
403,10,10,10,10,8,10,10,10,10,10,10,10,0,10,10,10,20,70,10,82.5,10,5
404,0,10,10,10,-10,10,10,10,10,10,-10,10,0,10,10,-10,20,39.5,0,120,-10,10
405,-10,10,10,10,10,10,-10,-10,-10,10,-10,10,0,10,10,10,14,59.5,10,20,0,5
406,0,-8,8,-10,-10,10,10,10,10,10,10,-10,-10,0,10,-10,16,49.5,0,120,0,8
407,-10,10,10,10,8,10,10,10,10,10,-10,10,0,10,10,10,20,70,10,120,10,5
408,0,-10,10,-10,-10,-8,10,10,-10,10,-10,-10,-10,0,10,10,16,49.5,-8,0,-10,10
409,-10,10,10,10,8,10,10,10,10,10,10,10,0,10,10,10,20,49.5,8,120,0,10
410,-10,10,10,10,8,10,10,10,10,10,-10,10,0,10,10,10,14,59.5,10,20,10,0
411,10,10,10,10,-10,10,10,10,10,10,-10,10,0,10,10,-10,20,29.5,-10,20,-10,10
412,0,10,10,10,8,10,10,10,10,10,10,10,0,10,10,10,20,70,8,120,10,10
413,10,10,10,10,10,10,10,10,10,10,-10,10,0,10,10,10,12,49.5,10,35,10,10
414,-10,10,10,10,8,10,10,10,10,10,0,10,0,10,10,10,13,59.5,10,20,0,0
415,0,10,10,10,10,10,10,10,10,10,10,10,0,10,10,10,20,70,8,82.5,10,5
416,-10,10,10,10,10,10,10,10,10,10,0,10,0,10,10,10,13,59.5,8,35,-10,-10
417,0,10,8,10,10,10,10,10,-10,10,-10,-10,10,0,-10,0,13,49.5,10,20,10,-8
418,0,8,8,-10,-10,8,-10,-10,-10,0,0,-10,-10,0,-10,0,12,70,-10,20,0,5
419,0,-10,10,-10,-10,-10,10,0,0,10,-10,-10,-10,0,-10,0,14,49.5,-8,45,-10,10
420,-10,8,8,10,-10,10,10,10,10,10,10,-10,-10,0,10,10,12,21,-8,20,-10,0
421,10,-8,8,-10,-10,8,10,10,10,10,0,10,0,10,-10,0,14,49.5,-10,0,-10,10
422,0,10,10,10,-10,10,0,0,0,0,10,10,0,10,10,10,8,29.5,10,20,-10,0
423,10,-10,10,-10,-10,-10,10,10,-10,10,-10,-10,-10,0,10,-10,16,59.5,-10,120,-10,10
424,10,-10,-10,-10,-10,-10,10,-10,-10,10,10,-10,-10,0,10,10,10,39.5,0,120,0,10
425,0,8,10,10,8,10,-10,10,10,10,-10,10,0,10,10,10,14,21,8,20,0,0
426,0,8,10,-10,-10,8,10,10,10,10,-10,10,0,10,10,10,16,49.5,8,120,0,10
427,0,8,10,10,8,10,-10,-10,10,10,10,10,0,10,10,10,14,70,0,35,0,10
428,0,8,10,10,8,10,10,10,10,10,-10,10,0,10,10,10,13,21,10,95,10,0
429,10,10,10,10,8,10,10,10,10,10,-10,10,0,10,10,-10,13,59.5,10,20,-10,-10
430,0,10,10,10,8,10,-10,10,10,10,10,10,0,10,10,10,13,59.5,10,62.5,10,-10
431,0,-8,10,10,-10,10,-10,-10,-10,-10,0,-10,10,0,10,10,16,59.5,-10,120,-10,10
432,-10,10,10,10,10,10,-10,0,-10,0,0,10,0,10,10,-10,14,49.5,0,20,-10,8
433,0,-10,10,0,-10,-10,10,10,10,10,-10,-10,-10,0,10,10,13,49.5,-8,120,-10,10
434,0,8,10,10,10,10,10,10,10,10,-10,10,0,10,10,-10,14,70,10,20,10,-10
435,-10,10,10,10,8,10,10,10,10,10,-10,10,0,10,10,10,12,39.5,10,20,10,8
436,10,10,10,10,8,10,10,10,10,10,-10,10,0,10,-10,0,10,49.5,10,45,-10,0
437,-10,10,10,10,8,10,-10,10,-10,10,10,10,0,10,10,10,16,59.5,10,120,10,10
438,-10,8,10,-10,8,8,-10,10,-10,10,-10,-10,10,0,10,10,8,21,-10,25,0,0
439,-10,-8,8,10,8,-10,0,10,-10,10,-10,10,0,-10,10,-10,12,49.5,0,25,0,0
440,0,8,10,10,-10,8,10,10,10,10,-10,10,0,10,10,-10,14,59.5,0,62.5,-10,10
441,0,-8,10,-10,-10,8,10,10,10,10,10,10,0,10,10,10,16,29.5,-8,120,-10,0
442,10,10,10,10,8,8,-10,10,10,10,-10,-10,-10,0,10,-10,10,49.5,0,0,-10,10
443,0,10,10,10,10,10,10,10,10,10,10,10,0,10,10,-10,20,49.5,10,82.5,10,10
444,10,-8,10,-10,-10,-8,-10,10,-10,10,0,10,0,10,-10,0,13,59.5,10,35,0,-10
445,-10,-8,10,10,8,10,10,10,10,10,-10,10,0,10,10,0,16,70,10,82.5,0,10
446,10,-10,-10,-10,-10,-10,10,-10,-10,-10,-10,-10,-10,0,-10,0,13,59.5,-10,45,0,10
447,10,10,10,10,8,10,10,10,-10,10,10,10,0,10,10,10,18,70,10,95,10,10
448,10,10,10,10,8,10,10,10,10,10,-10,10,0,10,10,10,13,29.5,10,25,10,0
449,10,-8,10,-10,-10,10,-10,10,10,10,0,10,0,10,-10,0,12,29.5,8,25,10,8
450,0,-10,10,-10,-10,-8,10,10,10,10,10,10,0,10,10,10,13,21,-10,45,-10,8
451,0,8,10,10,10,10,10,10,-10,-10,10,10,0,10,10,-10,20,29.5,10,35,0,0
452,0,-10,0,-10,8,-10,10,10,10,10,-10,-10,0,0,10,-10,13,59.5,-8,35,0,5
453,10,-8,10,-10,8,8,10,10,10,10,-10,10,0,10,10,10,10,21,-8,95,-10,0
454,-10,-8,8,-10,-10,10,10,10,10,10,-10,10,0,-10,10,-10,16,29.5,-10,95,0,10
455,-10,10,10,10,10,10,-10,-10,-10,-10,-10,-10,10,0,-10,0,12,39.5,10,25,0,10
456,10,10,10,10,8,10,10,10,10,10,10,10,0,10,10,10,13,29.5,-10,35,0,0
457,0,-10,8,-10,-10,-10,10,10,-10,10,0,10,0,10,10,-10,16,70,-10,62.5,-10,10
458,-10,10,10,10,10,10,10,10,10,10,-10,10,0,10,-10,0,14,21,-8,25,0,8
459,0,10,10,10,8,10,10,10,10,10,10,10,0,10,10,10,16,70,0,0,0,-10
460,10,10,10,10,8,10,10,10,10,10,0,10,0,10,10,10,16,70,10,25,10,-10
461,10,10,10,10,8,10,10,-10,-10,-10,-10,-10,-10,0,10,0,16,59.5,0,0,-10,10
462,0,8,10,-10,-10,8,10,10,10,10,-10,10,0,10,10,10,20,29.5,0,35,0,10
463,-10,8,10,10,-10,8,-10,-10,-10,-10,-10,10,0,10,10,10,13,29.5,-8,45,0,0
464,10,8,10,10,8,10,-10,10,-10,-10,-10,10,0,-10,10,10,10,59.5,10,20,10,-8
465,0,8,10,-10,-10,8,10,10,10,10,-10,10,0,10,10,10,16,39.5,8,95,10,10
466,10,8,10,10,8,10,10,10,10,10,-10,10,0,10,10,10,12,21,8,95,10,0
467,-10,10,10,10,8,10,10,10,10,10,-10,10,0,10,10,10,12,21,10,62.5,10,0
468,-10,-8,10,10,10,8,-10,10,10,10,10,10,0,10,10,10,20,49.5,10,120,10,0
469,-10,10,10,10,-10,10,0,-10,0,10,0,10,0,10,-10,0,10,29.5,10,20,10,-8
470,0,8,10,10,8,10,0,10,10,10,-10,10,0,10,10,10,13,70,10,25,10,-10
471,-10,10,10,10,-10,10,10,10,10,10,-10,10,0,-10,10,10,14,21,8,25,10,0
472,0,10,10,10,8,10,0,10,10,10,0,10,0,10,10,10,13,59.5,8,25,10,5
473,0,-8,8,-10,-10,-8,10,10,10,10,0,-10,-10,0,10,-10,14,59.5,-8,45,-10,10
474,10,10,10,10,8,10,10,10,10,10,10,10,0,10,10,10,16,49.5,-10,95,0,10
475,10,8,10,10,-10,8,10,10,10,10,10,10,0,-10,10,-10,12,29.5,-10,25,0,8
476,-10,10,10,10,8,10,10,10,10,10,-10,10,0,10,10,10,12,49.5,10,20,0,-10
477,0,8,10,10,10,10,10,10,10,10,-10,10,0,10,10,-10,12,49.5,10,25,-10,0
478,0,10,10,10,0,10,10,10,10,10,0,10,0,10,10,10,13,70,10,62.5,10,10
479,10,10,10,10,8,10,10,10,10,10,10,10,0,10,10,10,16,59.5,10,120,0,10
480,0,8,10,-10,-10,8,10,10,-10,10,-10,-10,10,0,10,10,16,59.5,-10,120,-10,10
481,0,10,10,10,10,10,10,10,10,10,-10,10,0,10,10,10,16,0,8,120,0,10
482,0,-10,-10,-10,-10,-10,10,10,10,10,10,-10,-10,0,-10,0,12,70,-8,82.5,-10,10
483,-10,8,10,10,8,8,10,10,10,10,10,10,0,10,10,10,16,29.5,10,120,10,10
484,-10,8,10,10,8,10,10,10,10,10,-10,10,0,10,10,10,14,49.5,10,95,10,10
485,0,10,10,10,8,10,-10,10,0,10,-10,10,0,-10,10,10,12,29.5,-8,45,0,10
486,10,8,10,10,-10,10,10,10,10,10,-10,10,0,10,10,10,16,49.5,10,120,10,10
487,-10,8,10,10,-10,10,10,10,10,10,0,10,0,10,10,-10,13,39.5,-10,45,0,10
488,0,8,10,10,0,10,0,10,10,0,10,10,0,10,10,10,20,59.5,10,120,0,0
489,0,-10,10,-10,-10,8,10,10,10,10,10,10,0,10,10,10,13,29.5,-8,82.5,0,10
490,0,10,10,10,10,10,10,10,-10,10,10,10,0,10,10,10,16,21,10,120,0,0
491,0,10,10,10,8,10,10,10,10,10,10,10,0,10,10,10,16,39.5,8,25,10,0
492,0,-10,-10,-10,-10,-10,10,10,10,10,-10,-10,-10,0,-10,0,13,70,-8,0,-10,10
493,10,8,10,10,8,10,10,10,10,10,-10,10,0,10,10,-10,13,29.5,10,25,10,0
494,10,-10,8,-10,-10,-8,10,10,-10,10,-10,-10,-10,0,10,10,14,59.5,-10,120,-10,10
495,0,8,10,10,-10,-10,10,10,-10,10,10,-10,-10,0,10,10,16,49.5,-8,120,0,10
496,0,8,10,10,8,10,10,10,10,10,0,10,0,10,10,10,18,39.5,0,25,0,-10
497,0,10,10,10,8,10,10,10,10,10,-10,10,0,10,10,10,13,49.5,8,25,-10,5
498,0,10,10,10,8,10,-10,10,10,10,-10,10,0,-10,-10,0,12,70,10,20,10,5
499,0,10,10,10,8,10,10,10,10,10,-10,10,0,10,10,10,20,29.5,10,120,10,0
500,10,10,10,10,8,10,10,10,-10,10,10,10,0,10,10,10,16,59.5,-8,20,-10,5
501,0,8,10,10,0,-8,10,-10,10,-10,10,0,0,0,10,0,12,70,0,95,0,-10
502,0,10,10,10,8,10,10,10,10,10,10,10,0,10,10,10,16,39.5,8,120,0,10
503,-10,10,10,10,8,10,10,10,10,10,10,10,0,10,10,10,13,29.5,0,20,0,10
504,-10,10,10,10,-10,8,-10,10,-10,10,-10,10,0,-10,-10,0,13,29.5,0,62.5,10,10
505,-10,-8,8,-10,-10,8,-10,10,10,10,-10,10,0,10,10,10,12,29.5,-10,120,0,10
506,-10,10,10,10,8,10,10,10,10,10,10,10,0,10,10,10,16,29.5,8,35,10,8
507,0,-10,10,-10,-10,8,10,10,10,10,0,-10,-10,0,-10,0,20,70,-10,62.5,-10,10
508,0,10,10,10,10,10,10,10,10,10,-10,10,0,10,10,10,12,21,10,120,10,0
509,0,8,8,-10,-10,10,-10,-10,-10,10,-10,10,0,10,10,10,16,70,8,45,-10,-10
510,0,10,10,10,-10,10,10,10,10,10,10,10,0,10,10,10,18,70,8,0,0,-10
511,-10,-8,10,-10,-10,-10,10,-10,-10,-10,0,-10,-10,0,-10,0,20,49.5,-8,120,-10,10
512,-10,10,10,10,0,10,10,10,10,10,10,10,0,10,10,10,10,59.5,10,0,-10,5
513,10,10,10,10,8,10,10,10,10,10,-10,10,0,-10,10,10,16,70,10,45,10,10
514,0,0,10,10,8,10,10,10,10,10,-10,10,0,10,10,10,13,59.5,-10,120,0,8
515,0,8,10,10,8,8,-10,10,10,10,-10,10,0,10,10,10,13,21,8,20,0,0
516,0,10,10,10,10,10,10,10,10,10,10,10,0,10,10,10,16,29.5,10,120,10,10
517,0,10,10,10,-10,-10,-10,10,-10,-10,-10,10,0,10,10,-10,16,39.5,-10,20,-10,-8
518,0,-10,10,10,0,8,10,10,10,10,10,10,0,10,10,10,14,39.5,8,45,0,0
519,0,10,10,10,10,10,10,10,10,10,10,10,0,10,10,10,16,29.5,10,20,10,8
520,0,10,10,10,0,10,10,10,10,10,10,10,0,10,10,10,20,39.5,10,0,10,0
521,0,-8,10,10,8,-10,10,10,-10,10,10,10,0,10,10,-10,16,49.5,-10,45,0,0
522,0,8,10,10,8,10,-10,10,10,10,-10,10,0,10,10,10,16,39.5,8,35,10,10
523,0,10,10,10,8,10,10,10,10,10,10,10,0,10,10,10,16,39.5,8,120,10,10
524,0,10,10,10,-10,8,-10,10,10,10,10,-10,10,0,10,10,12,70,10,20,-10,10
525,0,10,10,10,-10,-8,10,10,-10,0,-10,10,0,10,10,-10,14,29.5,10,20,0,0
526,10,8,8,10,10,8,-10,10,10,-10,-10,10,0,-10,10,10,12,49.5,-8,25,-10,10
527,-10,10,10,10,8,10,10,10,10,10,10,10,0,10,10,10,14,70,8,82.5,10,10
528,0,10,10,10,8,10,-10,10,10,10,-10,10,0,10,10,10,20,49.5,8,62.5,0,10
529,0,10,10,10,-10,10,10,10,10,10,-10,10,0,10,10,10,12,59.5,10,20,0,-8
530,0,-10,10,-10,-10,-10,10,-10,-10,-10,-10,-10,-10,0,10,-10,16,70,-10,82.5,-10,-10
531,0,-10,8,-10,-10,-10,10,10,10,10,10,-10,10,0,10,-10,16,59.5,-10,62.5,-10,10
532,10,10,10,10,8,10,0,10,10,10,-10,10,0,10,10,10,13,59.5,10,20,10,-10
533,0,10,10,10,10,10,10,10,10,10,-10,10,0,10,10,10,14,21,10,82.5,10,0
534,-10,10,10,-10,-10,-8,10,10,0,0,0,10,0,10,10,10,20,49.5,10,120,-10,10
535,-10,8,10,-10,8,8,-10,10,-10,10,-10,10,0,10,-10,0,13,21,-10,62.5,-10,0
536,10,10,10,10,8,10,10,0,0,10,0,10,0,0,10,10,16,39.5,10,120,10,10
537,10,10,10,10,10,10,10,10,10,10,10,10,0,10,10,10,16,39.5,10,120,10,10
538,0,-8,10,10,-10,10,10,10,10,10,10,10,0,10,10,10,16,39.5,8,120,0,10
539,10,10,10,10,10,10,-10,-10,10,-10,-10,-10,10,0,-10,0,10,59.5,10,20,0,10
540,0,8,10,10,0,10,10,0,0,-10,-10,0,0,0,10,0,13,39.5,10,20,0,0
541,0,-10,10,-10,-10,8,10,10,10,10,0,-10,-10,0,10,10,16,49.5,-8,35,0,-10
542,0,-10,-10,-10,-10,-10,10,10,10,10,0,-10,-10,0,-10,0,13,59.5,-10,35,-10,10
543,-10,8,10,10,-10,8,10,10,10,10,-10,10,0,10,10,10,14,59.5,10,25,0,10
544,0,10,10,10,-10,10,10,10,10,10,-10,10,0,10,10,-10,14,49.5,10,45,0,-8
545,0,10,10,10,8,10,10,10,10,10,0,10,0,10,10,10,16,70,10,62.5,0,10
546,10,-10,10,-10,-10,-8,10,10,10,10,10,10,0,10,-10,0,13,21,0,62.5,0,0
547,-10,10,10,10,8,10,-10,10,10,10,-10,10,0,10,10,10,20,59.5,8,120,0,10
548,-10,8,10,10,8,8,10,10,10,10,10,10,0,10,10,10,10,21,10,45,10,0
549,-10,10,10,10,8,10,10,10,10,10,-10,10,0,10,10,-10,16,21,8,25,0,0
550,10,10,10,10,10,10,10,10,10,10,0,10,0,10,10,10,13,70,10,62.5,10,-10
551,0,10,10,10,-10,10,10,10,-10,10,-10,10,0,10,10,10,16,49.5,-10,120,-10,10
552,0,10,8,10,-10,10,0,0,0,0,0,0,0,0,10,0,12,59.5,0,20,-10,0
553,0,10,10,10,10,10,10,10,10,10,10,10,0,10,10,10,20,70,10,120,10,10
554,-10,10,10,10,-10,10,-10,10,10,10,-10,10,0,-10,10,10,12,39.5,-8,20,-10,10
555,0,10,10,10,8,10,10,0,0,10,10,10,0,10,10,10,13,70,10,120,0,10
556,-10,-10,10,-10,-10,-10,10,10,10,10,10,-10,-10,0,-10,0,16,49.5,-10,120,-10,10
557,0,-8,10,10,-10,8,0,0,0,0,0,0,0,0,10,0,12,59.5,0,82.5,0,10
558,0,8,10,10,-10,10,10,10,10,10,0,-10,-10,0,10,0,14,39.5,-10,35,-10,10
559,10,10,10,10,8,10,10,-10,-10,-10,-10,10,0,-10,10,-10,16,29.5,10,120,10,10
560,0,10,10,10,8,10,10,10,10,10,10,10,0,10,10,10,14,29.5,8,120,10,10
561,0,-10,10,-10,-10,10,10,-10,-10,-10,10,-10,-10,0,10,10,20,59.5,0,120,-10,10
562,-10,-8,0,-10,-10,-8,-10,-10,10,-10,-10,-10,-10,0,-10,0,13,21,0,25,0,0
563,10,10,10,10,10,10,10,10,10,10,-10,10,0,10,10,10,10,21,10,35,10,0
564,0,10,8,10,-10,10,10,10,10,10,-10,-10,10,0,10,-10,12,70,-10,20,0,5
565,0,10,10,10,10,10,0,10,10,10,0,10,0,-10,10,10,20,70,10,35,10,-10
566,0,-10,10,-10,-10,-8,10,10,10,10,-10,-10,10,0,10,10,16,39.5,0,45,10,10
567,0,8,10,-10,-10,8,10,10,10,10,10,10,0,10,10,10,20,70,-8,120,0,10
568,0,10,10,10,10,-10,10,-10,10,-10,-10,-10,10,0,10,-10,12,29.5,10,20,-10,0
569,0,-10,8,-10,-10,-8,10,-10,-10,-10,-10,-10,-10,0,-10,0,13,59.5,-10,62.5,-10,10
570,0,10,10,-10,-10,10,10,10,10,-10,0,-10,10,0,10,-10,14,59.5,8,25,-10,-10
571,0,10,10,10,8,10,10,10,10,10,-10,10,0,10,10,10,13,70,10,35,0,10
572,0,10,10,10,-10,10,10,10,10,10,0,10,0,10,10,10,16,39.5,-10,120,0,10
573,10,10,10,10,8,10,-10,10,10,10,10,10,0,10,10,10,20,59.5,-8,120,0,0
574,10,10,10,10,10,10,10,10,10,10,-10,10,0,10,10,10,14,39.5,8,62.5,0,0
575,0,8,10,10,0,-10,0,10,0,10,-10,10,0,10,10,10,16,70,-8,0,0,-10
576,0,8,10,10,-10,10,-10,10,0,10,10,10,0,10,10,10,14,59.5,-10,25,-10,10
577,10,10,10,10,8,10,-10,10,-10,10,-10,10,0,10,10,-10,12,70,-10,20,-10,-8
578,0,-10,8,-10,-10,8,10,10,-10,10,-10,10,0,10,10,10,14,70,-10,35,-10,10
579,-10,8,10,-10,8,8,-10,10,-10,0,0,10,0,10,10,-10,12,70,-8,62.5,-10,10
580,10,10,10,10,-10,8,0,10,10,10,10,10,0,10,10,10,20,70,8,0,10,10
581,-10,8,10,-10,-10,-8,10,10,-10,10,-10,-10,10,0,10,-10,20,29.5,0,45,0,-10
582,-10,10,10,10,10,10,10,10,10,10,10,10,0,10,10,-10,16,39.5,10,82.5,10,10
583,0,-10,10,-10,-10,8,10,0,10,10,10,10,0,-10,0,0,12,70,-8,120,-10,10
584,10,10,10,10,-10,10,10,10,10,10,10,10,0,10,10,10,14,59.5,8,25,10,10
585,10,8,10,-10,-10,10,10,10,10,10,-10,-10,-10,0,10,-10,16,59.5,-10,62.5,-10,5
586,0,-10,10,-10,-10,10,-10,10,-10,10,-10,10,0,10,10,10,12,59.5,0,20,10,10
587,-10,-10,10,-10,-10,-10,10,10,10,10,10,-10,-10,0,-10,0,14,70,-10,25,-10,-10
588,-10,-10,-10,-10,10,10,-10,-10,-10,-10,-10,-10,10,0,-10,0,10,70,10,20,-10,-10
589,0,8,10,10,8,10,10,10,10,10,10,10,0,10,10,-10,14,70,8,45,10,10
590,10,10,10,10,8,10,10,10,10,10,-10,10,0,10,10,10,13,39.5,10,62.5,10,-10
591,-10,8,10,10,8,10,10,10,10,10,10,10,0,10,10,10,20,49.5,10,120,0,10
592,0,8,10,-10,-10,-10,10,0,0,10,10,10,0,-10,10,-10,20,70,-8,20,-10,-10
593,0,-10,8,-10,-10,-10,10,10,10,10,-10,-10,-10,0,10,10,20,39.5,-10,120,-10,10
594,0,-8,10,-10,-10,-10,10,10,10,10,-10,-10,-10,0,10,-10,20,59.5,-10,20,-10,-10
595,-10,8,10,10,8,10,-10,10,10,10,-10,10,0,10,10,10,16,49.5,10,62.5,0,0
596,10,-10,10,-10,-10,-10,0,-10,0,10,0,-10,-10,0,10,10,10,59.5,-10,95,-10,10
597,0,10,10,10,-10,10,10,10,10,10,10,10,0,10,10,10,20,70,0,25,0,-10
598,-10,8,10,10,-10,10,0,0,0,0,0,-10,10,0,10,10,16,49.5,10,82.5,10,-10
599,0,-8,10,-10,-10,-8,10,-10,10,10,-10,10,0,0,0,0,12,70,-10,20,-10,5
600,0,-10,10,10,-10,10,-10,10,10,-10,-10,10,0,10,10,10,16,49.5,10,120,0,10
601,0,10,10,10,8,10,10,10,10,10,10,10,0,10,10,10,12,70,10,82.5,10,-10
602,0,8,10,10,10,0,10,10,0,10,0,10,0,10,10,10,12,49.5,-10,62.5,-10,0
603,0,-8,-10,-10,0,10,10,0,0,10,0,10,0,-10,10,10,12,70,10,0,0,10
604,0,-8,10,-10,-10,-10,10,10,10,10,10,10,0,0,10,-10,16,49.5,-10,120,0,10
605,0,-10,-10,-10,-10,-10,10,10,-10,-10,-10,-10,-10,0,-10,0,20,49.5,0,82.5,-10,10
606,0,-10,8,-10,-10,-10,10,10,10,10,10,-10,-10,0,10,10,14,49.5,-10,82.5,-10,10
607,0,10,10,10,8,10,-10,10,10,10,10,10,0,10,10,10,20,70,10,62.5,10,10
608,-10,10,10,10,8,10,10,10,-10,10,-10,10,0,10,10,0,12,21,-10,45,-10,0
609,10,8,10,-10,-10,-8,10,10,-10,10,-10,-10,0,0,10,-10,12,21,-8,0,-10,0
610,0,10,10,10,8,10,10,10,10,10,-10,10,0,10,10,10,16,21,8,120,10,0
611,10,-10,10,-10,-10,-10,10,10,10,10,0,-10,-10,0,10,0,20,0,0,62.5,0,0
612,10,10,10,10,8,10,10,10,10,10,-10,10,0,10,10,-10,16,49.5,8,62.5,10,-10
613,0,10,10,10,10,10,10,10,10,10,10,10,0,10,10,10,20,70,10,120,10,10
614,0,0,8,-10,-10,0,0,10,10,10,0,0,0,0,-10,0,13,49.5,0,82.5,0,10
615,0,10,10,10,-10,10,10,10,10,10,10,10,0,10,10,10,16,70,10,20,-10,-10
616,0,10,10,-10,-10,10,-10,10,10,10,-10,10,0,-10,10,-10,8,39.5,0,35,-10,-8
617,10,-10,8,-10,-10,-10,10,10,10,10,10,-10,-10,0,10,-10,20,59.5,-8,120,0,10
618,10,8,10,10,8,8,10,10,10,10,-10,10,0,10,10,10,16,29.5,-8,25,0,0
619,0,10,10,10,-10,10,-10,10,10,10,-10,10,0,10,0,0,8,29.5,8,25,-10,0
620,10,-10,10,-10,-10,-10,10,-10,-10,-10,10,-10,10,0,-10,0,12,70,-10,45,0,10
621,0,10,10,10,8,10,0,10,10,10,10,10,0,10,10,10,16,49.5,10,82.5,10,-10
622,-10,-8,10,10,-10,10,-10,10,10,10,0,10,0,10,10,10,20,29.5,10,120,10,10
623,10,10,10,10,10,10,10,10,10,10,-10,10,0,10,10,10,16,59.5,8,25,10,10
624,10,10,10,10,8,10,10,10,10,10,10,10,0,10,10,10,12,21,-8,25,0,0
625,10,10,10,10,10,10,-10,10,10,10,-10,10,0,-10,-10,0,12,29.5,0,0,-10,10
626,0,8,8,10,8,8,-10,-10,-10,-10,10,10,0,10,10,-10,10,21,8,20,0,0
627,-10,10,10,10,10,10,10,10,10,10,10,10,0,10,10,10,20,49.5,10,120,10,10
628,10,10,10,10,8,10,10,10,10,10,0,10,0,10,10,10,16,29.5,0,82.5,0,10
629,10,-10,10,-10,-10,-10,10,10,10,10,10,-10,-10,0,10,10,16,70,-10,62.5,-10,0
630,-10,8,10,10,-10,8,-10,-10,10,-10,-10,10,0,10,10,10,12,59.5,0,0,-10,10
631,10,0,10,10,-10,10,-10,-10,10,10,-10,10,0,-10,10,-10,12,49.5,-10,62.5,0,10
632,0,10,10,10,-10,10,-10,10,-10,10,-10,10,0,-10,10,10,12,49.5,0,62.5,-10,-8
633,0,-10,-10,-10,-10,-10,10,10,10,10,-10,10,0,10,-10,0,20,39.5,-10,120,-10,10
634,10,-10,-10,-10,-10,-10,10,10,10,10,-10,10,0,10,-10,0,13,59.5,-10,120,-10,10
635,-10,8,10,10,8,10,10,10,10,10,10,-10,-10,0,10,10,16,39.5,-10,82.5,-10,10
636,0,-8,10,-10,-10,-10,10,-10,-10,10,0,10,0,0,10,0,13,49.5,-10,0,-10,5
637,10,10,8,10,10,10,10,10,10,-10,-10,10,0,10,10,10,12,21,-8,25,-10,0
638,0,10,10,-10,-10,10,10,-10,-10,10,-10,-10,10,0,-10,0,16,59.5,-8,62.5,-10,10
639,0,10,10,10,-10,10,-10,10,10,10,-10,10,0,10,10,-10,10,49.5,10,25,10,-8
640,-10,10,10,10,8,10,-10,-10,-10,10,10,-10,10,0,10,10,16,59.5,-10,62.5,0,10
641,0,8,10,10,-10,10,10,10,10,10,-10,-10,10,0,10,10,10,59.5,-8,62.5,0,5
642,0,10,10,-10,-10,-10,-10,-10,-10,10,-10,-10,-10,0,10,10,16,39.5,-10,82.5,-10,10
643,-10,-8,10,-10,8,8,10,10,10,10,0,10,0,-10,10,0,20,39.5,-10,120,-10,10
644,0,8,10,-10,8,8,10,10,10,10,-10,10,0,0,10,10,13,29.5,-8,82.5,0,10
645,0,10,10,10,8,10,10,10,-10,10,0,10,0,10,10,10,20,39.5,0,0,0,8
646,-10,10,10,10,-10,10,10,10,-10,10,10,10,0,10,10,10,13,49.5,-10,120,-10,10
647,10,8,10,10,8,8,10,10,10,10,-10,10,0,10,10,10,20,29.5,10,45,10,0
648,10,8,10,10,-10,10,10,10,10,10,-10,10,0,-10,10,10,12,49.5,-10,120,0,10
649,0,10,10,10,10,10,10,10,-10,10,-10,10,0,-10,10,-10,13,29.5,10,35,-10,10
650,0,10,10,10,8,10,0,10,0,10,10,10,0,10,10,10,13,39.5,10,25,0,0
651,0,8,10,10,8,10,10,10,10,10,-10,10,0,10,10,10,18,70,10,62.5,0,10
652,0,8,10,10,8,10,10,10,10,10,10,10,0,10,10,10,16,70,10,82.5,0,10
653,-10,10,10,10,8,10,10,10,10,10,-10,10,0,10,10,10,14,59.5,10,62.5,10,10
654,0,10,10,10,8,10,10,10,10,10,10,10,0,10,10,10,14,29.5,10,20,0,-8
655,0,10,10,10,8,10,10,10,10,10,-10,10,0,10,10,10,14,29.5,0,45,0,10
656,0,10,10,10,8,10,-10,10,10,10,10,10,0,10,10,10,16,29.5,10,25,10,8
657,0,10,10,10,8,8,10,10,10,10,-10,-10,10,0,10,-10,13,59.5,10,120,10,10
658,-10,-10,-10,-10,-10,10,-10,10,-10,-10,-10,-10,-10,0,-10,0,14,70,0,0,-10,10
659,-10,10,10,10,8,10,10,10,10,10,10,10,0,10,10,-10,16,70,10,82.5,0,5
660,0,-10,-10,-10,-10,-10,10,10,10,10,-10,-10,-10,0,0,0,20,0,-8,0,0,10
661,0,-10,10,-10,8,-10,10,10,-10,10,-10,-10,-10,0,-10,0,16,39.5,0,120,-10,10
662,-10,10,10,10,8,10,10,10,10,10,10,10,0,10,10,10,16,21,8,35,10,10
663,0,10,10,10,10,8,-10,10,10,10,-10,10,0,10,-10,0,8,59.5,-10,0,0,-10
664,0,8,10,10,8,10,0,0,0,-10,-10,10,0,10,10,10,13,70,10,35,0,10
665,10,10,10,10,8,10,10,-10,-10,10,10,10,0,10,10,10,16,29.5,8,120,0,10
666,-10,10,10,10,-10,10,10,10,10,10,-10,-10,10,0,10,-10,12,49.5,0,62.5,0,10
667,0,8,10,10,10,8,0,10,10,10,0,-10,10,0,10,10,10,29.5,0,25,10,0
668,0,10,10,10,8,8,0,10,0,0,0,0,0,0,10,10,13,49.5,-10,120,0,10
669,10,-8,10,-10,-10,-10,10,-10,-10,-10,0,-10,0,0,-10,0,14,70,-10,82.5,-10,10
670,0,-8,10,-10,-10,-10,10,10,10,10,0,-10,10,0,-10,0,13,49.5,-10,20,-10,-8
671,0,10,10,10,8,8,10,10,10,10,-10,10,0,10,10,10,16,59.5,0,120,0,10
672,10,8,10,-10,-10,0,10,10,10,10,10,-10,0,0,10,10,20,29.5,0,62.5,-10,0
673,10,10,10,10,8,10,10,10,10,10,-10,10,0,10,10,10,20,21,10,120,0,0
674,0,8,-8,-10,8,-8,10,10,10,10,-10,-10,-10,0,10,10,16,49.5,-8,120,-10,10
675,10,10,10,10,-10,8,10,10,10,10,-10,10,0,10,10,10,13,49.5,10,120,-10,10
676,10,-8,10,-10,-10,8,10,10,-10,10,10,10,0,10,10,-10,13,70,-10,45,-10,10
677,-10,-8,8,10,-10,10,10,10,10,10,10,-10,-10,0,-10,0,12,49.5,-8,62.5,-10,-10
678,-10,10,10,10,8,10,10,10,10,10,0,10,0,10,10,10,20,49.5,10,120,10,10
679,0,-10,10,-10,-10,10,10,10,10,10,0,10,0,10,10,10,13,29.5,-10,45,0,0
680,10,-8,8,-10,-10,-10,10,10,10,10,-10,10,0,-10,10,10,13,39.5,0,62.5,0,10
681,0,8,8,10,8,8,0,10,10,10,0,10,0,10,10,10,12,49.5,8,120,0,-10
682,0,10,10,10,8,10,10,10,10,10,-10,10,0,10,10,10,16,29.5,10,62.5,10,0
683,10,8,-8,-10,-10,-10,10,10,10,10,10,10,0,-10,10,10,20,29.5,-8,0,0,0
684,10,10,10,10,-10,10,10,10,10,10,0,10,0,10,10,0,16,59.5,10,45,10,-10
685,0,-10,10,-10,-10,-10,10,-10,-10,10,-10,-10,10,0,10,10,20,49.5,-10,62.5,-10,-10
686,-10,10,10,10,0,10,-10,10,10,10,-10,10,0,10,10,10,14,70,8,35,0,-10
687,0,10,10,10,8,10,10,10,10,10,10,10,0,10,10,10,20,59.5,10,120,10,10
688,0,10,10,10,0,10,10,-10,-10,10,-10,10,0,10,10,10,16,70,8,120,10,8
689,-10,10,10,10,8,10,10,10,10,10,-10,-10,10,0,10,-10,16,59.5,-8,45,-10,10
690,-10,8,10,10,10,10,10,10,10,10,10,10,0,10,10,10,16,21,10,35,10,0
691,10,10,10,10,8,10,10,10,-10,10,-10,10,0,10,10,10,20,29.5,8,120,10,10
692,-10,-10,10,-10,-10,-8,10,10,10,10,10,-10,-10,0,10,10,16,59.5,0,120,0,10
693,0,-10,10,-10,-10,-10,10,-10,-10,-10,0,-10,-10,0,10,-10,10,49.5,-10,20,-10,10
694,-10,10,10,10,8,10,10,10,10,10,-10,10,0,10,10,10,16,39.5,10,120,0,10
695,10,-10,8,-10,-10,8,10,10,10,10,0,10,0,-10,-10,0,16,70,-10,82.5,-10,10
696,10,10,10,10,8,10,-10,10,-10,10,10,10,0,10,10,10,12,29.5,8,35,0,10
697,10,10,10,10,-10,10,-10,10,0,10,-10,10,0,10,10,-10,13,70,10,25,-10,-10
698,0,-8,8,-10,-10,10,10,10,-10,10,-10,-10,-10,0,10,-10,16,49.5,-8,95,-10,-10
699,10,10,10,10,-10,8,10,10,10,10,10,-10,-10,0,10,10,13,59.5,-10,35,-10,-10
700,-10,8,10,10,-10,10,0,0,0,0,-10,-10,10,0,10,10,8,49.5,8,20,10,-8
701,-10,10,10,10,-10,10,10,-10,-10,10,0,10,0,10,10,10,13,29.5,10,20,0,8
702,0,-10,10,10,-10,-8,-10,-10,10,10,-10,10,0,10,10,-10,8,59.5,0,20,10,8
703,0,10,10,10,-10,10,0,10,10,10,-10,10,0,10,10,10,8,59.5,0,20,0,-10
704,0,10,10,10,10,10,10,10,10,10,10,10,0,10,10,10,20,29.5,8,20,10,0
705,10,10,8,10,8,8,10,10,10,10,0,10,0,10,10,10,13,59.5,0,45,-10,0
706,0,10,10,10,8,10,10,10,10,10,10,10,0,-10,10,10,12,29.5,8,20,0,10
707,0,10,10,10,10,10,-10,10,-10,10,10,10,0,10,10,10,16,29.5,10,45,10,0
708,-10,10,10,0,-10,10,10,10,10,10,0,10,0,10,10,10,16,39.5,-8,120,-10,10
709,0,10,10,10,8,10,0,0,0,0,-10,10,0,10,10,10,12,49.5,0,20,0,10
710,10,10,10,10,8,10,-10,10,10,10,10,10,0,10,10,10,12,49.5,10,20,0,-10
711,-10,10,10,10,8,10,10,10,10,10,10,10,0,10,10,10,16,29.5,10,62.5,10,0
712,0,-10,-8,-10,-10,-10,10,-10,-10,10,0,-10,-10,0,-10,0,13,70,-8,120,-10,10
713,10,10,10,10,-10,-10,-10,-10,-10,-10,-10,10,0,-10,10,10,8,59.5,10,20,0,10
714,0,8,10,-10,-10,8,10,10,10,10,10,10,0,10,10,10,12,70,8,25,-10,10
715,-10,8,10,-10,-10,8,-10,10,10,-10,-10,-10,-10,0,10,-10,12,49.5,0,20,0,0
716,0,10,10,10,8,10,10,10,10,10,-10,10,0,10,10,10,16,49.5,8,120,0,10
717,-10,10,10,10,-10,10,-10,-10,-10,10,-10,-10,10,0,10,10,12,49.5,-8,62.5,0,10
718,-10,-10,10,-10,-10,-10,10,10,10,10,0,10,0,10,10,0,16,39.5,0,120,0,10
719,10,8,10,10,-10,8,10,10,10,10,10,10,0,10,10,10,20,49.5,10,120,10,10
720,0,10,10,10,8,10,10,10,10,10,-10,10,0,10,10,10,16,29.5,10,35,0,0
721,10,8,10,-10,10,10,10,10,10,10,0,10,0,10,10,10,16,70,10,20,10,5
722,-10,10,10,10,8,8,-10,10,10,-10,-10,-10,-10,0,10,-10,12,49.5,10,20,0,10
723,0,-10,10,-10,-10,-10,10,10,10,10,0,-10,0,0,10,10,20,0,-10,0,-10,0
724,0,10,10,10,8,10,10,10,10,10,-10,10,0,10,10,10,16,29.5,10,120,0,0
725,0,-10,8,-10,-10,-8,10,10,10,10,0,0,0,0,10,-10,14,49.5,-8,120,-10,-10
726,0,8,10,-10,8,8,10,10,10,10,-10,-10,-10,0,10,0,14,59.5,-10,62.5,-10,10
727,0,8,10,10,8,8,-10,10,-10,10,-10,10,0,10,10,10,13,39.5,10,35,10,8
728,0,10,10,10,8,10,10,10,10,10,10,10,0,10,10,10,13,70,10,95,10,10
729,-10,-10,10,-10,-10,-10,10,10,10,10,-10,-10,-10,0,10,-10,16,49.5,-8,45,-10,10
730,-10,10,10,10,8,-10,10,10,-10,10,10,10,0,10,-10,0,12,29.5,-10,20,-10,-8
731,0,-10,8,-10,-10,-10,10,10,-10,10,-10,-10,-10,0,-10,0,16,59.5,-8,62.5,-10,10
732,0,10,10,10,8,10,10,10,10,10,10,10,0,10,10,10,20,49.5,10,120,10,10
733,-10,10,10,-10,-10,8,10,0,10,10,10,10,0,10,10,10,13,49.5,0,120,10,10
734,0,10,10,-10,10,10,-10,10,10,10,-10,10,0,-10,10,-10,10,49.5,10,25,0,10
735,10,-10,10,10,10,8,-10,10,-10,10,-10,10,0,-10,10,10,12,21,-8,35,10,0
736,0,10,10,10,-10,8,-10,10,10,10,-10,10,0,10,10,-10,12,29.5,-10,20,0,0
737,10,10,10,10,8,10,10,10,10,10,0,10,0,10,10,10,14,59.5,8,20,10,5
738,-10,8,-8,10,-10,10,10,10,10,10,0,-10,0,0,10,10,13,29.5,0,0,-10,0
739,10,10,10,10,10,10,-10,10,10,10,-10,10,0,10,10,10,20,59.5,10,45,10,-10
740,-10,10,10,10,-10,10,-10,10,10,10,10,10,0,10,10,10,8,70,0,20,-10,10
741,10,10,10,10,-10,10,10,10,10,10,10,10,0,10,10,10,16,49.5,10,20,10,-10
742,0,-8,8,-10,-10,8,10,10,10,10,10,10,0,10,10,-10,14,39.5,-8,35,0,8
743,0,10,10,10,-10,10,0,0,0,0,-10,10,0,10,10,10,13,39.5,-10,0,10,10
744,0,10,10,10,-10,10,10,-10,0,10,-10,10,0,10,10,10,13,70,10,20,10,-10
745,-10,8,8,10,8,10,10,10,0,10,10,10,0,10,10,10,13,70,8,62.5,-10,10
746,0,10,10,10,10,10,10,10,10,10,-10,10,0,10,10,10,14,39.5,10,120,0,0
747,-10,8,10,10,8,10,10,10,-10,10,10,10,0,10,10,10,16,49.5,10,62.5,-10,-10
748,0,8,10,-10,-10,10,-10,10,10,10,0,10,0,-10,10,-10,8,29.5,0,20,-10,10
749,-10,-10,8,-10,-10,-10,10,10,0,10,-10,-10,-10,0,-10,0,16,70,-8,120,-10,10
750,0,8,10,-10,-10,10,10,10,10,10,10,-10,-10,0,10,10,20,49.5,-10,120,-10,10
751,10,10,10,10,8,10,10,10,10,10,10,10,0,10,10,10,20,59.5,10,120,10,10
752,10,10,10,10,8,10,-10,10,10,10,-10,-10,10,0,10,-10,8,49.5,8,62.5,0,10
753,0,10,10,10,-10,10,10,10,10,10,0,10,0,10,-10,0,16,70,10,120,0,10
754,10,8,10,10,8,-10,10,10,-10,10,-10,10,0,-10,10,-10,12,39.5,-10,120,-10,10
755,0,8,8,10,10,10,-10,-10,-10,-10,-10,10,0,-10,10,10,12,29.5,0,20,0,0
756,0,-10,10,-10,-10,8,10,10,-10,-10,-10,-10,-10,0,10,10,12,21,-10,25,-10,10
757,-10,10,10,10,8,8,10,10,10,10,-10,10,0,10,10,10,20,29.5,8,62.5,0,0
758,0,-8,8,-10,-10,-8,10,10,10,10,-10,-10,-10,0,10,10,12,39.5,-10,62.5,-10,10
759,0,10,10,10,8,10,10,10,10,10,10,10,0,10,10,10,13,39.5,10,35,0,0
760,0,-8,8,-10,-10,8,10,10,10,10,-10,10,0,-10,-10,0,13,70,-10,62.5,-10,10
761,0,-10,8,-10,-10,-10,10,10,10,10,10,-10,-10,0,-10,0,20,70,-10,0,-10,10
762,0,-10,8,-10,-10,-10,10,10,10,10,-10,-10,-10,0,-10,0,14,59.5,-8,120,-10,10
763,-10,8,10,10,-10,10,-10,10,-10,10,-10,-10,10,0,10,10,16,70,8,25,10,-10
764,0,10,10,10,-10,10,0,0,0,0,-10,10,0,-10,10,-10,8,59.5,10,20,0,-10
765,-10,10,10,10,-10,10,10,-10,-10,10,0,10,0,10,10,10,12,49.5,-8,62.5,10,10
766,0,8,10,10,8,10,-10,-10,0,10,-10,-10,10,0,10,10,16,59.5,0,20,-10,-10
767,0,8,8,-10,-10,8,10,10,-10,10,10,10,0,10,10,-10,14,49.5,-8,62.5,0,10
768,10,10,10,10,8,10,10,10,10,10,-10,10,0,10,10,10,13,59.5,8,95,10,10
769,0,10,10,10,8,10,-10,-10,-10,-10,10,0,0,0,10,10,12,49.5,10,25,-10,-8
770,0,-8,10,10,8,10,0,10,10,10,0,10,0,10,10,10,20,39.5,-10,120,0,10
771,10,10,10,10,10,10,-10,10,10,10,-10,10,0,10,10,-10,13,29.5,10,20,0,0
772,0,10,10,10,8,10,10,10,10,10,10,10,0,10,10,10,14,29.5,8,62.5,10,8
773,10,10,10,10,10,10,-10,10,10,10,-10,10,0,-10,10,-10,20,21,-10,45,0,0
774,0,8,8,10,10,10,-10,0,10,10,0,10,0,10,10,-10,12,39.5,8,20,0,-10
775,10,10,10,10,-10,10,10,10,10,10,10,10,0,10,10,10,10,0,0,0,0,0
776,0,-8,10,-10,8,8,-10,10,-10,10,0,-10,-10,0,10,10,14,49.5,-8,120,-10,10
777,10,10,10,10,8,10,10,10,10,10,10,10,0,10,10,10,16,70,10,0,10,-10
778,0,8,-8,-10,-10,8,10,10,10,10,0,10,0,10,10,0,20,29.5,-8,120,-10,0
779,-10,10,-10,10,8,10,10,-10,-10,10,-10,10,0,0,10,10,12,59.5,10,20,-10,8
780,0,10,10,10,8,10,10,10,10,10,10,10,0,10,10,10,16,59.5,10,82.5,10,10
781,0,10,10,10,10,10,-10,10,10,10,0,10,0,10,10,10,14,59.5,10,35,10,5
782,10,10,10,10,0,10,0,10,0,10,0,10,0,10,10,-10,16,29.5,-10,95,0,0
783,0,10,10,10,-10,8,-10,10,10,10,-10,10,0,10,10,10,12,29.5,-10,20,-10,0
784,0,8,10,10,8,10,-10,10,10,10,-10,-10,10,0,10,-10,12,49.5,10,25,0,10
785,10,10,10,10,8,10,10,10,10,10,-10,10,0,10,10,10,13,0,10,120,0,10
786,0,8,10,10,-10,10,10,10,10,10,10,10,0,10,10,10,18,49.5,-10,0,10,10
787,0,8,8,10,10,10,-10,10,10,10,10,10,0,10,10,-10,16,29.5,8,82.5,-10,0
788,-10,-10,10,-10,-10,-10,10,-10,-10,10,10,-10,-10,0,10,10,12,59.5,-10,62.5,-10,10
789,10,10,-10,10,10,-10,10,10,10,10,-10,-10,-10,0,10,-10,16,49.5,0,20,-10,10
790,10,0,0,0,-10,0,0,0,0,-10,-10,-10,-10,0,-10,0,8,49.5,0,0,0,10
791,0,10,10,10,-10,10,-10,10,10,10,10,10,0,10,10,-10,10,49.5,-8,20,-10,5
792,0,-8,10,10,10,10,10,10,10,10,10,10,0,10,-10,0,12,39.5,10,20,10,0
793,0,10,10,10,8,10,10,10,10,10,10,10,0,10,10,10,12,70,10,62.5,0,10
794,0,8,10,-10,-10,-10,10,10,-10,10,-10,-10,-10,0,10,10,16,49.5,-10,62.5,-10,10
795,0,10,10,10,10,10,0,0,0,0,-10,10,0,10,10,10,12,70,-10,25,0,10
796,-10,10,10,10,0,8,10,10,-10,10,0,10,0,0,10,-10,14,59.5,10,20,0,-10
797,-10,10,10,10,8,10,10,10,0,10,0,10,0,10,10,10,16,59.5,10,120,0,10
798,0,8,10,10,10,10,-10,10,10,10,-10,10,0,10,10,-10,14,49.5,10,62.5,10,-8
799,0,8,8,10,-10,10,10,10,10,10,-10,10,0,10,10,10,13,59.5,-10,120,0,10
800,0,8,8,10,-10,10,-10,10,10,10,-10,10,0,10,10,10,20,29.5,10,35,10,10
801,0,10,10,10,8,10,0,0,0,0,10,10,0,10,10,-10,12,39.5,10,45,10,0
802,0,8,10,-10,-10,-8,10,10,-10,10,-10,-10,-10,0,10,10,13,39.5,-10,62.5,-10,0
803,0,-10,10,-10,-10,0,10,10,0,10,0,10,0,10,-10,0,20,49.5,-10,120,0,10
804,0,10,10,10,0,10,-10,0,0,10,0,10,0,10,10,10,20,70,10,0,10,0
805,0,10,10,10,8,10,10,10,10,10,10,10,0,10,10,10,20,49.5,10,120,10,10
806,0,8,10,10,8,10,10,10,0,10,10,10,0,10,10,10,13,49.5,8,120,10,10
807,0,10,10,10,8,10,-10,10,10,10,-10,10,0,10,10,10,16,59.5,0,62.5,10,10
808,0,8,10,10,8,8,10,10,-10,10,-10,10,0,10,10,10,18,39.5,8,62.5,0,-10
809,10,-8,10,-10,-10,8,10,10,10,10,-10,-10,-10,0,10,-10,16,49.5,-8,120,-10,10
810,0,10,10,10,-10,10,-10,10,10,10,-10,10,0,10,10,10,14,59.5,10,20,10,0
811,0,10,10,10,8,10,10,10,10,10,-10,10,0,10,10,10,13,21,-8,35,-10,8
812,0,8,10,10,-10,8,-10,-10,10,10,10,10,0,10,-10,0,16,59.5,-10,120,10,8
813,10,-10,-10,-10,-10,-10,10,10,10,10,10,-10,-10,0,-10,0,16,49.5,-8,45,-10,-10
814,10,10,10,10,10,10,10,10,10,10,0,10,0,10,10,10,13,29.5,-10,20,0,0
815,-10,8,10,10,8,10,10,10,10,10,-10,10,0,10,10,10,14,29.5,8,82.5,0,10
816,0,8,10,-10,8,8,10,10,10,10,10,-10,-10,0,10,10,14,29.5,-8,62.5,0,10
817,0,10,10,10,8,-8,10,10,10,10,0,10,0,10,10,10,14,29.5,-8,120,-10,10
818,0,-8,-10,-10,-10,-10,10,10,10,10,10,-10,-10,0,10,0,14,39.5,-10,62.5,-10,10
819,0,10,10,10,10,10,10,10,10,10,10,10,0,10,10,10,13,39.5,8,120,10,10
820,0,10,10,-10,8,10,-10,10,10,10,0,10,0,10,10,-10,10,70,10,25,10,-10
821,0,-10,8,-10,-10,8,10,10,-10,10,10,-10,10,0,10,-10,12,70,-10,25,0,5
822,0,10,10,10,-10,10,10,10,0,10,-10,10,0,10,10,10,13,59.5,-10,35,0,-10
823,0,10,10,10,8,10,10,10,0,10,0,10,0,10,10,10,12,21,10,20,10,0
824,-10,8,8,-10,8,10,-10,10,-10,10,10,10,0,-10,10,-10,16,39.5,10,82.5,10,10
825,0,-10,10,-10,-10,8,10,10,10,10,0,10,0,10,10,-10,16,70,-10,62.5,0,10
826,0,0,8,-10,-10,8,10,0,0,0,0,-10,-10,0,10,10,16,59.5,-8,120,-10,10
827,10,10,10,10,8,10,10,10,10,10,10,10,0,10,10,10,12,49.5,10,120,10,10
828,10,10,10,10,8,10,10,10,10,10,-10,10,0,10,10,10,16,59.5,10,45,10,10
829,0,8,10,10,8,10,10,10,10,10,10,10,0,10,10,10,20,49.5,8,120,10,10
830,-10,10,10,10,-10,10,10,10,10,10,-10,-10,10,0,10,10,12,49.5,-10,62.5,0,-10
831,0,8,10,10,-10,10,10,10,10,10,10,10,0,10,10,-10,20,29.5,8,120,10,10
832,10,10,10,10,-10,10,10,10,10,10,10,10,0,10,10,10,16,39.5,10,120,0,10
833,0,10,0,10,0,10,10,10,10,10,0,10,0,10,10,0,10,59.5,-10,20,0,0
834,0,10,10,10,8,10,-10,10,10,10,10,10,0,10,10,10,20,59.5,-10,120,0,10
835,10,8,10,10,10,10,10,10,10,10,-10,10,0,10,-10,0,13,59.5,-8,35,0,-10
836,0,10,10,10,8,10,-10,10,10,10,0,10,0,10,10,10,20,70,8,120,10,10
837,10,-8,8,10,-10,8,10,10,-10,10,10,10,0,10,10,-10,16,59.5,-10,95,0,10
838,-10,10,10,10,10,10,10,10,-10,10,-10,10,0,10,10,10,20,49.5,8,95,-10,10
839,0,10,10,10,8,10,10,10,10,10,-10,10,0,10,10,10,13,70,8,25,0,-10
840,-10,10,10,10,10,10,10,0,0,-10,-10,10,0,10,10,10,20,70,10,0,0,10
841,0,10,10,10,8,10,10,10,10,10,0,10,0,10,10,10,13,59.5,10,120,10,10
842,-10,10,10,10,8,10,10,10,-10,10,-10,10,0,10,10,10,14,21,10,62.5,0,0
843,-10,8,10,10,8,10,10,10,10,10,-10,10,0,10,10,10,14,29.5,10,25,0,8
844,0,-10,-10,-10,-10,-10,10,10,10,10,-10,-10,-10,0,10,-10,16,29.5,-10,82.5,-10,10
845,0,10,10,10,8,10,0,10,0,10,0,10,0,-10,10,-10,8,39.5,10,25,10,10
846,-10,-8,10,-10,8,-8,0,-10,-10,10,-10,10,0,10,10,10,13,29.5,-8,25,0,10
847,0,-10,10,-10,-10,8,10,10,10,10,10,-10,-10,0,10,10,12,29.5,-8,62.5,-10,8
848,0,10,10,10,8,10,10,10,10,10,-10,10,0,10,10,10,16,29.5,8,25,10,0
849,0,8,8,10,8,8,10,10,10,10,-10,10,0,10,10,-10,14,70,10,45,0,8
850,10,-10,10,10,-10,10,10,10,10,10,-10,10,0,10,10,-10,20,29.5,0,45,10,0
851,0,10,10,10,10,10,10,10,-10,10,-10,10,0,10,10,-10,10,21,0,25,-10,-8
852,-10,-10,10,-10,-10,8,10,10,10,10,10,-10,-10,0,10,-10,16,59.5,-8,120,0,10
853,-10,8,8,10,10,8,-10,10,10,10,10,10,0,10,10,10,12,49.5,8,25,-10,8
854,-10,-10,10,10,10,10,0,0,0,0,-10,-10,-10,0,-10,0,12,70,10,20,-10,10
855,0,10,10,10,8,10,10,10,10,10,-10,10,0,10,10,10,14,21,8,35,0,0
856,10,10,10,10,8,10,10,10,10,10,-10,10,0,10,10,10,16,49.5,0,120,0,10
857,0,10,10,-10,-10,8,-10,10,10,10,10,10,0,-10,10,-10,20,29.5,10,45,-10,-10
858,-10,8,10,10,-10,8,-10,10,-10,10,10,10,0,-10,10,10,16,59.5,-10,35,-10,-10
859,0,8,10,10,-10,10,10,10,-10,10,-10,10,0,10,10,10,10,49.5,-10,82.5,-10,-10
860,0,8,10,10,8,10,10,10,10,10,10,10,0,-10,10,10,14,21,8,45,0,0
861,-10,8,10,10,-10,8,10,10,10,10,-10,10,0,0,0,0,20,70,0,120,0,0
862,10,-10,-10,-10,-10,-10,10,10,-10,10,-10,-10,-10,0,-10,0,14,39.5,-8,62.5,0,10
863,0,10,10,10,8,10,10,10,10,10,-10,(DO NOT READ) Pay Planned Parenthood for abortion services too (vol.),0,0,10,10,16,29.5,10,20,10,0
864,0,10,10,10,10,10,10,10,10,10,-10,10,0,10,10,10,16,70,10,62.5,10,10
865,-10,-10,10,-10,-10,-10,10,-10,-10,10,-10,-10,-10,0,10,10,20,49.5,-8,62.5,-10,10
866,0,8,10,10,10,10,-10,10,0,10,0,10,0,10,10,-10,12,70,10,62.5,0,10
867,10,8,10,-10,-10,-10,10,10,10,10,-10,-10,-10,0,10,10,20,39.5,-8,120,0,10
868,0,10,10,-10,10,10,10,10,10,10,10,10,0,10,10,-10,16,39.5,-8,82.5,0,10
869,0,10,10,10,-10,10,-10,10,10,10,-10,10,0,10,10,10,14,59.5,10,62.5,0,10
870,-10,-8,10,10,8,8,-10,-10,-10,10,-10,-10,10,0,10,10,12,49.5,8,20,-10,0
871,0,8,10,10,-10,10,10,10,10,10,-10,10,0,10,10,10,14,29.5,0,82.5,0,10
872,10,10,10,10,8,10,10,10,10,10,10,10,0,10,10,10,20,70,10,120,10,10
873,0,-10,10,-10,-10,8,10,10,10,10,10,10,0,10,-10,0,12,21,10,25,-10,8
874,-10,10,10,-10,-10,8,-10,0,-10,10,10,10,0,10,10,-10,16,49.5,0,25,-10,10
875,10,10,10,10,-10,10,-10,10,0,10,0,10,0,10,10,10,16,59.5,8,82.5,0,10
876,0,-10,-10,-10,-10,8,10,0,-10,10,10,0,0,0,10,10,20,59.5,8,120,10,10
877,0,10,10,10,8,10,10,10,10,10,-10,10,0,10,10,10,13,49.5,8,35,10,-10
878,-10,10,-10,10,-10,8,10,10,-10,10,0,-10,-10,0,10,10,13,49.5,-10,45,-10,10
879,10,8,10,10,8,10,10,10,10,10,-10,10,0,10,10,10,13,29.5,10,45,10,8
880,0,-10,0,-10,-10,10,10,10,10,10,10,10,0,0,10,10,16,49.5,0,62.5,0,10
881,10,10,10,10,-10,10,10,10,10,10,0,10,0,10,10,-10,14,39.5,10,82.5,10,-10
882,0,10,10,10,8,10,-10,10,10,10,-10,10,0,10,10,10,12,49.5,8,20,0,-8
883,0,10,8,10,8,10,10,10,10,10,-10,10,0,10,10,10,12,21,8,62.5,0,0
884,0,10,10,10,8,10,-10,10,10,10,0,10,0,10,10,10,13,49.5,-10,82.5,-10,0
885,0,-8,10,-10,-10,10,-10,-10,-10,-10,0,10,0,-10,10,-10,12,70,-10,25,-10,5
886,10,10,10,10,8,10,-10,10,10,10,10,10,0,10,10,10,20,59.5,0,120,0,10
887,10,-10,10,-10,-10,10,10,10,10,10,-10,10,0,10,-10,0,16,59.5,-8,120,0,10
888,0,8,10,-10,-10,8,10,0,-10,10,10,10,0,10,10,10,16,49.5,0,120,-10,10
889,0,10,10,10,-10,10,-10,-10,10,10,-10,0,0,0,10,10,8,59.5,0,20,-10,-10
890,0,10,10,10,8,10,10,10,10,10,10,10,0,10,10,-10,14,29.5,8,20,0,8
891,0,8,10,10,8,8,-10,-10,10,-10,-10,10,0,10,10,-10,12,21,0,25,0,0
892,0,10,10,10,8,10,10,10,10,10,10,10,0,10,10,10,12,29.5,10,20,10,8
893,10,-8,10,-10,-10,-10,10,0,-10,-10,0,-10,-10,0,10,10,10,59.5,10,45,10,10
894,0,8,10,10,-10,8,10,10,10,-10,10,-10,10,0,10,-10,12,21,0,20,10,8
895,0,-8,10,10,-10,10,10,10,-10,10,10,10,0,10,10,-10,16,70,10,82.5,10,10
896,0,10,10,10,8,10,-10,10,10,10,-10,10,0,10,10,10,16,39.5,10,120,10,10
897,0,10,10,10,8,10,10,10,10,10,10,10,0,10,10,10,20,39.5,10,120,10,10
898,0,-8,10,10,-10,-8,10,10,10,10,-10,10,0,10,10,10,14,39.5,-10,120,0,0
899,-10,8,10,-10,-10,8,0,0,10,0,0,0,0,0,10,-10,16,59.5,8,0,10,10
900,10,10,10,10,8,10,10,10,10,10,-10,10,0,10,10,10,16,39.5,10,120,10,0
901,0,8,10,-10,8,10,-10,10,0,10,10,10,0,10,10,10,14,39.5,10,62.5,-10,-10
902,0,10,10,10,8,10,-10,10,10,10,-10,10,0,10,10,10,16,49.5,8,62.5,-10,0
903,0,8,10,10,-10,8,10,10,-10,10,10,10,0,10,10,10,16,29.5,-10,35,0,0
904,0,10,10,10,8,10,-10,10,-10,-10,-10,(DO NOT READ) Pay Planned Parenthood for abortion services too (vol.),0,0,10,-10,12,21,8,25,-10,10
905,0,10,10,10,8,10,-10,10,-10,10,10,10,0,10,-10,0,20,49.5,8,82.5,0,-10
906,0,10,10,10,8,10,10,10,10,10,0,10,0,10,10,10,13,29.5,10,62.5,0,0
907,0,-8,10,-10,-10,-8,10,10,10,-10,10,10,0,10,10,10,16,49.5,-10,120,0,10
908,-10,10,10,10,10,10,10,-10,-10,10,10,10,0,10,10,10,13,70,10,120,-10,10
909,-10,-10,10,-10,-10,8,10,10,10,10,-10,-10,-10,0,10,10,20,39.5,-8,120,0,10
910,10,-8,8,-10,-10,-8,10,10,10,10,-10,10,0,10,-10,0,13,39.5,0,20,0,-10
911,10,10,10,10,8,10,10,10,10,10,10,10,0,10,10,10,20,49.5,10,120,10,10
912,-10,8,10,10,-10,10,10,10,10,10,-10,10,0,10,10,10,16,59.5,10,120,10,10
913,-10,-8,10,-10,-10,10,10,10,10,10,10,-10,-10,0,10,10,20,39.5,-8,82.5,0,10
914,-10,10,10,10,10,10,-10,10,10,10,10,10,0,10,10,10,12,49.5,0,62.5,0,8
915,0,8,10,-10,10,8,-10,10,10,10,-10,10,0,10,10,-10,8,39.5,10,25,-10,8
916,0,-8,10,-10,-10,-8,0,0,0,0,0,10,0,10,10,-10,12,70,-10,20,0,10
917,0,10,10,10,0,10,10,10,10,10,-10,10,0,0,10,10,13,39.5,-10,45,0,10
918,10,10,10,10,8,10,10,10,10,10,10,10,0,10,10,10,13,29.5,10,20,10,0
919,0,-10,10,-10,-10,-10,10,10,10,10,10,-10,-10,0,10,10,16,39.5,-8,82.5,0,10
920,10,10,10,10,-10,10,10,10,10,10,-10,10,0,10,10,10,20,49.5,8,62.5,0,-10
921,0,10,10,10,8,10,10,10,10,10,10,10,0,-10,10,10,14,39.5,10,35,-10,-10
922,0,-10,10,-10,-10,10,10,10,10,10,-10,10,0,-10,10,-10,16,49.5,-10,120,-10,10
923,0,-10,10,-10,-10,-10,10,10,10,10,10,10,0,10,10,-10,16,49.5,-10,82.5,-10,10
924,0,10,10,10,8,10,10,10,10,10,10,10,0,10,10,10,13,59.5,10,35,10,-10
925,10,-10,-10,-10,-10,-10,10,-10,-10,10,10,-10,-10,0,10,-10,12,59.5,-10,120,-10,10
926,-10,-8,8,-10,-10,-10,10,10,-10,10,-10,-10,-10,0,10,10,12,59.5,-8,45,-10,8
927,0,8,10,10,8,8,10,10,-10,10,-10,10,0,10,10,10,10,21,10,20,0,0
928,-10,10,10,10,10,10,10,-10,-10,10,10,10,0,10,10,10,12,29.5,0,20,10,0
929,0,-10,-10,10,-10,-8,0,-10,-10,0,0,-10,-10,0,10,-10,10,70,-10,20,0,5
930,0,-10,10,-10,-10,-10,10,-10,-10,0,10,-10,-10,0,10,-10,16,49.5,-8,45,-10,10
931,-10,10,10,10,8,10,0,-10,10,-10,0,10,0,10,10,-10,12,70,8,25,-10,-10
932,0,10,10,10,8,10,10,10,10,10,10,10,0,10,10,10,13,59.5,8,25,10,-10
933,-10,10,10,10,8,10,-10,10,-10,10,0,10,0,10,10,10,12,21,10,120,-10,0
934,0,-10,10,-10,-10,-10,10,-10,-10,-10,10,-10,-10,0,10,10,14,59.5,-10,0,-10,10
935,0,10,10,10,8,10,-10,10,10,10,0,10,0,10,10,10,12,59.5,10,20,10,-10
936,0,8,10,10,8,8,10,10,10,10,10,10,0,10,10,10,20,39.5,8,120,0,10
937,-10,-10,-8,-10,-10,-10,10,10,10,10,0,-10,-10,0,-10,0,20,70,-8,120,-10,10
938,10,10,10,10,8,10,-10,10,10,10,-10,10,0,10,10,10,12,59.5,10,20,10,10
939,0,10,10,10,-10,8,-10,-10,10,-10,0,-10,-10,0,10,10,16,29.5,0,35,0,10
940,0,10,10,10,10,10,-10,10,10,10,-10,10,0,10,10,10,18,70,10,95,0,-10
941,10,10,10,10,8,10,10,10,10,10,-10,10,0,10,10,10,16,49.5,8,82.5,10,10
942,0,8,10,10,10,10,0,10,10,10,-10,10,0,10,10,10,20,70,0,95,10,5
943,10,10,10,10,-10,8,10,10,10,10,-10,10,0,10,10,10,20,39.5,10,120,0,10
944,0,8,10,-10,-10,8,10,-10,-10,10,-10,10,0,10,10,10,13,29.5,0,45,0,10
945,0,8,10,10,-10,-8,10,10,0,10,-10,-10,-10,0,10,-10,16,70,-10,82.5,-10,10
946,0,10,10,10,0,10,10,10,10,10,10,10,0,10,10,10,14,70,-10,120,0,10
947,0,-8,10,-10,-10,8,10,10,10,10,0,10,0,10,10,-10,14,29.5,-8,62.5,0,0
948,0,8,10,10,-10,8,10,10,10,10,-10,-10,-10,0,10,10,20,59.5,0,0,0,10
949,0,10,10,10,-10,10,10,-10,10,10,10,10,0,-10,10,10,12,29.5,-10,35,-10,-10
950,-10,10,10,10,-10,10,10,10,-10,10,-10,10,0,-10,-10,0,12,21,10,35,10,0
951,10,10,10,10,10,10,10,10,10,10,-10,10,0,10,10,10,20,59.5,10,95,10,10
952,0,8,10,-10,-10,8,10,10,10,10,10,10,0,10,10,-10,16,29.5,-10,120,0,10
953,-10,8,10,10,-10,10,10,-10,-10,10,-10,10,0,10,10,10,13,21,0,45,0,0
954,0,-10,10,-10,8,10,10,-10,-10,10,-10,-10,-10,0,10,10,12,59.5,10,25,-10,0
955,10,8,8,10,-10,8,10,-10,-10,10,-10,0,0,0,10,10,13,49.5,-10,62.5,-10,10
956,10,8,10,10,10,10,10,10,10,10,10,10,0,10,10,10,20,70,10,95,10,10
957,10,10,10,10,8,10,10,10,10,10,-10,10,0,10,10,10,20,59.5,10,120,10,10
958,0,-8,10,-10,-10,8,10,10,-10,10,-10,10,0,-10,10,10,20,49.5,-8,120,-10,10
959,0,-8,-8,10,8,8,10,10,-10,10,-10,10,0,10,10,10,16,21,10,25,0,8
960,0,8,8,10,0,8,10,10,10,10,0,10,0,10,-10,0,14,29.5,8,35,-10,0
961,0,8,8,10,-10,10,10,10,-10,10,-10,-10,10,0,10,10,16,59.5,-10,62.5,-10,8
962,0,8,8,10,-10,8,0,10,10,10,10,10,0,-10,10,10,12,39.5,0,0,-10,8
963,0,10,10,10,8,10,10,10,-10,10,10,10,0,10,10,10,16,70,8,95,0,5
964,-10,-8,10,-10,8,8,10,10,10,10,10,10,0,0,10,10,16,49.5,-10,82.5,0,10
965,0,10,10,10,8,10,-10,10,10,10,10,10,0,10,10,10,12,29.5,8,62.5,0,0
966,0,10,8,10,8,10,10,10,10,10,-10,10,0,10,10,10,8,21,10,120,0,0
967,0,-10,8,-10,-10,8,10,10,10,10,0,-10,-10,0,-10,0,16,59.5,-8,45,-10,10
968,-10,10,10,10,-10,10,10,10,-10,10,10,10,0,10,10,10,14,70,-8,20,0,-10
969,0,10,10,-10,-10,-8,10,-10,-10,10,10,10,0,-10,10,10,10,39.5,-10,120,-10,8
970,0,10,10,10,10,10,10,10,10,10,10,10,0,10,10,10,20,29.5,10,82.5,0,10
971,10,10,10,10,-10,10,0,0,0,0,0,0,0,0,10,-10,13,49.5,-8,25,-10,10
972,-10,-10,-10,-10,-10,8,10,-10,-10,-10,10,-10,-10,0,-10,0,16,59.5,-10,120,-10,10
973,10,8,10,10,8,8,10,10,10,10,10,10,0,10,10,10,20,49.5,8,120,0,10
974,10,10,10,10,8,10,10,10,10,10,10,10,0,10,10,10,12,21,10,20,0,0
975,0,-10,10,-10,-10,-8,10,10,10,10,10,-10,-10,0,10,10,20,59.5,-10,62.5,-10,10
976,0,-10,10,-10,-10,-10,10,10,10,10,-10,-10,-10,0,10,10,12,59.5,-10,62.5,-10,10
977,0,10,10,10,8,10,10,10,10,10,-10,10,0,10,10,10,16,70,10,95,0,5
978,0,0,-10,10,10,8,10,10,10,10,10,10,0,10,10,-10,13,59.5,-8,120,-10,10
979,0,10,10,10,-10,10,-10,10,10,10,0,10,0,10,10,10,20,59.5,-10,62.5,0,-10
980,10,10,10,10,10,10,10,10,10,10,10,10,0,10,10,10,14,49.5,10,120,10,8
981,0,10,10,10,8,-10,-10,-10,-10,-10,10,10,0,10,-10,0,10,21,0,0,0,0
982,10,10,10,10,8,10,10,10,10,10,-10,10,0,10,10,10,20,49.5,10,62.5,0,10
983,0,8,10,10,8,10,10,10,0,10,-10,10,0,10,10,10,16,59.5,10,120,0,10
984,0,-8,10,10,-10,-10,10,10,10,10,-10,-10,-10,0,10,10,20,59.5,-10,120,0,-10
985,0,10,10,10,8,10,10,10,10,10,10,10,0,10,10,10,20,39.5,10,62.5,10,5
986,0,10,10,10,8,10,-10,10,10,10,-10,10,0,10,10,10,14,70,8,120,0,10
987,0,10,10,10,8,10,10,10,10,10,10,10,0,10,10,10,20,59.5,10,120,10,10
988,0,10,10,10,0,10,10,10,10,10,0,10,0,10,10,10,14,70,8,62.5,10,10
989,0,10,10,10,8,10,10,10,10,10,-10,10,0,10,10,10,20,39.5,-10,120,0,10
990,10,-10,-10,-10,-10,-10,10,10,10,10,10,-10,-10,0,10,10,16,70,-10,62.5,-10,10
991,-10,-8,-10,-10,-10,-8,10,10,-10,10,-10,10,0,10,10,-10,16,49.5,-8,45,0,10
992,0,10,10,-10,-10,-10,10,10,-10,10,-10,-10,-10,0,10,0,16,49.5,-8,62.5,-10,-10
993,0,10,10,-10,8,10,-10,0,-10,10,-10,-10,10,0,10,-10,12,29.5,8,35,-10,10
994,0,10,10,10,10,10,10,10,10,10,-10,10,0,10,10,10,13,29.5,8,25,10,8
995,0,10,10,10,8,10,10,10,10,10,0,10,0,10,10,10,16,29.5,10,95,10,10
996,0,-10,8,-10,-10,-8,10,10,10,10,0,-10,-10,0,-10,0,14,59.5,-10,120,-10,10
997,10,10,10,10,-10,10,10,10,10,10,10,-10,10,0,10,-10,13,59.5,-8,82.5,10,10
998,0,-10,8,-10,-10,8,10,10,-10,10,0,10,0,-10,10,-10,12,49.5,-10,35,-10,10
999,10,10,10,-10,8,10,10,10,10,10,-10,-10,-10,0,10,-10,10,49.5,10,20,10,0
1000,10,10,10,10,8,8,10,10,10,10,0,10,0,10,10,10,20,29.5,8,45,0,0
1001,0,-10,8,-10,-10,-10,10,10,-10,10,-10,-10,-10,0,10,10,14,59.5,-8,120,-10,10
1002,0,10,10,10,10,10,-10,10,10,-10,-10,-10,10,0,10,10,12,59.5,-10,45,-10,0
1003,0,10,10,10,8,10,10,10,10,10,-10,10,0,10,10,-10,16,70,0,95,0,10
1004,-10,8,8,10,8,8,10,10,10,10,10,10,0,10,10,10,14,70,0,82.5,-10,10
1005,0,10,10,10,8,8,10,10,10,10,0,10,0,10,10,10,12,59.5,-8,20,-10,10
1006,10,10,10,10,10,10,-10,0,-10,10,0,-10,10,0,10,10,10,70,10,0,-10,5
1007,0,8,10,10,10,10,-10,-10,-10,-10,-10,10,0,10,10,10,12,49.5,10,62.5,10,10
1008,10,8,10,10,8,8,10,10,10,10,0,10,0,10,10,10,16,39.5,-10,120,0,10
1009,10,10,10,10,8,10,10,10,10,10,10,10,0,10,10,10,18,49.5,10,120,0,8
1010,0,8,10,10,10,10,10,10,10,10,10,10,0,10,10,10,20,29.5,8,120,0,10
1011,10,8,10,10,-10,10,-10,10,10,0,10,10,0,10,0,0,12,70,10,20,0,10
1012,0,10,10,10,8,10,10,10,10,10,10,-10,-10,0,10,10,16,29.5,0,62.5,0,10
1013,10,10,10,10,10,10,10,10,10,10,10,10,0,10,10,10,16,59.5,8,120,10,10
1014,0,10,10,10,8,8,10,10,10,10,0,10,0,10,10,10,13,49.5,10,95,0,-10
1015,0,10,10,10,8,10,10,10,10,10,10,10,0,10,10,10,20,49.5,10,120,10,10
1016,10,10,10,10,-10,10,0,0,0,0,-10,10,0,-10,10,10,10,29.5,-10,25,10,10
1017,0,10,10,10,10,10,0,0,0,0,10,10,0,10,10,10,12,39.5,0,0,0,0
1018,-10,-10,10,-10,-10,8,10,10,10,10,10,10,0,10,10,-10,14,59.5,-8,120,-10,-10
1019,0,10,10,10,10,10,10,10,10,10,10,10,0,10,10,10,20,59.5,10,120,10,10
1020,0,10,10,10,10,10,-10,10,-10,10,0,(DO NOT READ) Pay Planned Parenthood for abortion services too (vol.),0,0,10,10,13,59.5,-8,20,0,10
1021,10,8,10,10,8,10,10,10,10,10,10,10,0,10,10,10,16,39.5,10,120,0,10
1022,0,10,10,10,8,10,-10,10,10,10,-10,10,0,10,10,10,16,70,10,62.5,10,10
1023,0,10,10,10,10,10,10,10,-10,10,10,10,0,10,10,10,13,49.5,-10,82.5,-10,8
1024,0,10,10,10,-10,10,10,10,10,10,0,10,0,10,10,10,13,21,0,0,0,0
1025,-10,-10,10,-10,-10,-8,10,-10,-10,10,0,10,0,10,10,10,16,39.5,-10,0,10,10
1026,10,10,10,10,8,8,-10,-10,10,10,-10,10,0,10,10,10,16,49.5,0,120,0,10
1027,-10,10,10,10,8,10,-10,10,-10,0,0,-10,10,0,10,10,12,29.5,0,25,10,-8
1028,0,8,10,10,8,8,0,10,10,10,0,10,0,10,10,10,16,29.5,0,45,0,0
1029,0,8,8,-10,-10,-10,10,-10,-10,10,-10,-10,-10,0,10,-10,16,21,-10,35,-10,0
1030,10,10,10,-10,-10,10,-10,10,10,10,10,10,0,10,10,-10,13,49.5,10,62.5,-10,0
1031,0,10,10,10,8,10,10,10,10,10,10,10,0,10,10,10,13,29.5,10,45,10,8
1032,10,10,10,10,10,10,10,10,10,10,-10,10,0,10,10,10,16,59.5,10,82.5,10,10
1033,0,10,10,10,8,10,10,10,-10,10,10,10,0,-10,10,-10,12,39.5,8,20,0,-8
1034,0,0,0,0,0,0,0,0,0,0,0,0,0,0,0,0,12,70,10,45,0,5
1035,10,10,10,-10,10,10,-10,10,10,10,-10,10,0,10,10,-10,8,39.5,8,20,0,10
1036,0,-8,10,10,8,10,10,10,10,10,0,-10,10,0,10,-10,12,70,10,20,0,-10
1037,0,8,10,10,8,10,10,10,-10,10,-10,10,0,10,10,10,13,21,8,95,0,0
1038,0,8,10,10,-10,8,-10,10,10,10,-10,10,0,10,10,10,12,39.5,8,45,0,0
1039,-10,10,10,10,10,10,10,10,10,10,-10,10,0,10,10,10,14,21,10,20,10,0
1040,10,10,10,10,8,10,10,10,10,10,10,10,0,10,10,10,16,39.5,8,0,10,10
1041,0,-10,-10,-10,-10,-10,10,10,10,10,0,-10,-10,0,10,-10,12,59.5,-10,0,-10,10
1042,0,10,10,10,0,10,-10,10,10,10,10,10,0,10,10,10,14,29.5,10,45,0,-10
1043,-10,10,10,10,10,10,10,10,10,10,10,10,0,10,10,10,16,29.5,10,20,10,0
1044,10,-10,10,-10,-10,-10,-10,-10,-10,-10,-10,-10,-10,0,10,-10,20,70,-10,20,-10,10
1045,0,8,8,-10,8,-8,-10,10,10,-10,-10,-10,-10,0,-10,0,8,70,-10,62.5,-10,10
1046,-10,-10,10,10,-10,8,10,-10,-10,10,10,10,0,10,10,-10,16,49.5,-10,120,-10,8
1047,-10,10,10,10,8,10,10,10,10,10,-10,10,0,10,10,10,12,70,10,62.5,10,10
1048,-10,-10,10,-10,-10,10,-10,10,10,10,0,10,0,0,10,10,10,70,-8,62.5,0,8
1049,10,-10,10,-10,-10,8,10,0,0,10,-10,-10,-10,0,10,10,20,49.5,-8,120,-10,10
1050,0,10,0,-10,8,-8,10,10,-10,10,-10,10,0,10,10,10,16,49.5,8,62.5,-10,10
1051,0,-8,8,-10,-10,-8,10,10,10,10,-10,-10,-10,0,0,0,13,21,0,62.5,0,0
1052,0,10,10,10,8,10,10,10,10,10,10,10,0,10,10,10,16,29.5,10,120,10,10
1053,10,-10,8,-10,-10,-10,10,10,0,10,-10,10,0,-10,-10,0,16,70,-10,120,-10,10
1054,0,8,10,10,8,10,10,10,10,10,10,10,0,10,10,-10,12,21,10,25,0,0
1055,0,-10,8,-10,-10,-8,10,0,0,10,0,-10,-10,0,-10,0,20,49.5,-8,82.5,0,10
1056,0,10,10,10,8,8,10,10,10,10,-10,10,0,-10,10,10,14,49.5,-8,25,-10,0
1057,0,-10,8,-10,-10,-10,10,-10,-10,-10,0,-10,-10,0,10,-10,12,49.5,-10,95,-10,10
1058,0,10,10,10,-10,-10,10,10,10,10,-10,10,0,10,10,10,14,39.5,-10,20,-10,8
1059,-10,10,10,10,-10,8,10,10,10,10,10,10,0,10,10,-10,12,39.5,10,20,0,0
1060,10,-10,10,-10,-10,-10,10,10,-10,10,10,-10,-10,0,10,-10,16,49.5,-10,120,-10,10
1061,-10,10,10,10,-10,10,10,10,10,10,10,10,0,10,10,10,20,70,8,82.5,-10,-10
1062,0,-10,10,10,-10,-10,10,10,10,10,10,-10,-10,0,10,10,16,49.5,-8,82.5,0,10
1063,0,-10,10,-10,8,10,10,10,10,10,-10,10,0,10,10,10,16,59.5,-8,62.5,0,0
1064,0,10,10,10,-10,10,10,10,10,10,10,10,0,10,10,10,20,59.5,10,120,0,10
1065,0,-10,10,-10,-10,-10,10,10,-10,10,10,-10,-10,0,10,10,20,70,-10,62.5,0,10
1066,0,8,10,10,10,10,10,10,10,10,10,10,0,10,10,10,20,59.5,10,120,0,10
1067,0,10,10,10,10,10,10,10,10,10,10,10,0,10,10,10,16,39.5,8,120,10,10
1068,0,10,10,10,8,10,10,10,10,10,10,10,0,10,10,10,16,39.5,10,95,10,10
1069,0,8,10,10,8,8,10,10,10,10,-10,10,0,10,10,10,12,21,10,0,0,0
1070,-10,10,10,10,10,10,10,10,10,10,0,0,0,0,10,-10,14,49.5,10,20,10,10
1071,10,10,10,10,10,10,10,10,10,10,10,10,0,10,10,10,16,70,0,25,0,-10
1072,0,10,10,10,10,10,10,10,10,10,10,10,0,10,10,10,16,59.5,8,120,0,10
1073,10,10,8,10,-10,-10,-10,-10,-10,-10,-10,10,0,-10,-10,0,12,49.5,10,20,0,0
1074,10,10,10,10,8,10,10,10,10,10,-10,10,0,10,10,-10,16,29.5,0,62.5,10,0
1075,0,-10,10,-10,8,-8,10,0,10,10,0,-10,10,0,10,10,16,39.5,-10,120,0,8
1076,10,-10,-8,-10,-10,-8,10,10,10,10,-10,-10,-10,0,-10,0,16,59.5,-10,120,-10,10
1077,0,-8,10,-10,-10,8,10,10,10,10,-10,10,0,10,-10,0,16,49.5,-8,120,0,10
1078,0,10,10,10,8,10,10,10,10,10,-10,10,0,10,10,10,20,39.5,10,120,0,10
1079,-10,8,10,-10,10,8,-10,0,10,10,10,10,0,-10,10,10,12,59.5,-10,82.5,0,10
1080,0,8,10,10,10,10,-10,0,-10,0,0,10,0,0,10,-10,12,49.5,0,45,0,10
1081,-10,10,10,10,-10,10,-10,10,10,10,-10,10,0,10,10,10,14,49.5,8,82.5,0,-10
1082,0,-8,-8,-10,-10,8,10,10,10,10,10,10,0,-10,10,10,12,59.5,0,35,0,8
1083,10,10,10,10,8,10,10,10,0,10,-10,10,0,10,10,10,13,70,-8,62.5,0,10
1084,0,10,10,10,10,10,10,10,10,10,0,10,0,10,10,0,13,59.5,10,82.5,0,10
1085,0,10,10,10,8,10,-10,-10,-10,10,-10,-10,10,0,10,10,12,49.5,10,45,-10,10
1086,10,8,10,10,-10,8,10,10,-10,10,10,10,0,-10,10,-10,14,49.5,-10,95,-10,10
1087,-10,8,10,10,10,10,10,10,10,10,0,10,0,10,10,10,16,49.5,10,120,10,10
1088,10,10,10,10,8,10,10,10,10,10,-10,10,0,10,10,10,20,49.5,8,120,10,-10
1089,-10,10,10,10,8,10,-10,-10,-10,-10,10,-10,-10,0,10,-10,13,59.5,0,120,-10,-10
1090,0,10,10,10,8,10,10,10,10,10,0,10,0,10,10,10,16,29.5,0,82.5,-10,10
1091,0,10,10,10,8,10,10,10,10,10,0,10,0,10,10,10,12,49.5,10,62.5,10,10
1092,10,10,10,10,8,10,-10,10,10,10,10,10,0,0,10,10,12,39.5,10,20,-10,-10
1093,-10,10,10,10,10,10,10,10,10,10,-10,10,0,10,10,-10,14,39.5,-8,82.5,0,0
1094,0,10,10,10,-10,10,10,10,10,10,-10,10,0,10,10,-10,13,21,10,25,0,0
1095,0,10,10,10,8,10,10,10,-10,10,-10,10,0,10,10,-10,14,29.5,0,25,0,8
1096,0,10,10,10,-10,10,10,10,10,10,10,10,0,-10,10,10,8,49.5,-10,25,-10,10
1097,0,10,8,10,8,8,10,10,10,10,-10,-10,-10,0,10,10,16,59.5,-8,120,-10,0
1098,0,10,10,10,8,10,-10,-10,-10,-10,-10,0,0,0,-10,0,10,70,-10,25,0,-10
1099,0,10,10,10,-10,10,10,10,10,10,-10,10,0,10,10,10,20,49.5,10,120,10,10
1100,10,10,10,10,10,10,10,10,10,10,0,10,0,10,10,10,16,21,8,20,10,8
1101,0,8,10,10,-10,8,10,10,10,10,10,10,0,10,10,10,20,59.5,-10,120,10,10
1102,0,10,10,10,10,10,-10,10,10,10,10,10,0,10,10,10,16,21,10,95,10,0
1103,10,10,10,10,8,8,-10,10,10,10,-10,10,0,10,10,10,13,21,10,25,0,0
1104,-10,8,10,10,8,10,10,10,10,10,10,10,0,10,10,10,20,49.5,10,120,10,-10
1105,0,8,8,-10,-10,-10,10,10,10,10,-10,-10,-10,0,10,10,14,59.5,-10,82.5,-10,10
1106,0,10,10,10,-10,10,0,0,10,10,0,10,0,10,10,-10,14,59.5,10,20,0,10
1107,-10,10,10,10,8,10,10,10,10,10,-10,10,0,10,10,10,20,70,10,45,10,-10
1108,-10,8,10,10,-10,10,10,10,10,10,10,10,0,10,10,10,20,39.5,10,120,10,10
1109,10,-10,-10,-10,-10,-10,0,0,0,0,-10,-10,-10,0,10,-10,12,59.5,-10,45,-10,10
1110,10,10,10,10,8,10,0,10,-10,10,-10,10,0,10,10,10,13,29.5,10,45,10,10
1111,-10,8,10,10,8,10,-10,-10,-10,10,-10,10,0,10,10,10,20,59.5,8,120,0,10
1112,-10,10,10,10,8,10,-10,-10,-10,-10,-10,10,0,-10,10,-10,10,39.5,8,25,-10,8
1113,0,10,8,10,8,10,0,-10,0,0,-10,10,0,10,10,10,8,39.5,0,20,0,0
1114,0,0,0,0,0,0,0,0,0,0,0,0,0,0,0,0,16,59.5,0,0,10,-10
1115,0,10,10,10,10,10,0,0,0,0,0,10,0,-10,10,-10,16,49.5,10,45,-10,10
1116,-10,-10,-10,-10,-10,-10,10,10,10,10,-10,-10,-10,0,-10,0,20,59.5,-10,120,-10,10
1117,0,10,10,10,8,10,0,10,10,10,0,10,0,10,10,10,16,29.5,10,45,10,0
1118,-10,10,10,10,10,10,10,10,10,10,10,10,0,10,10,10,20,39.5,8,120,0,10
1119,-10,-10,10,-10,-10,-10,10,10,10,10,10,-10,-10,0,-10,0,16,59.5,-10,62.5,-10,10
1120,0,8,10,-10,-10,8,10,10,10,10,10,10,0,10,10,10,16,59.5,0,62.5,0,0
1121,0,10,10,10,8,10,10,10,10,10,10,10,0,10,10,10,20,70,10,120,10,-10
1122,0,8,10,10,8,8,10,10,10,10,-10,10,0,10,10,10,12,21,8,62.5,0,0
1123,-10,-10,-10,-10,-10,-8,10,10,10,10,10,10,0,10,-10,0,16,29.5,-8,95,0,0
1124,10,10,10,10,8,10,10,10,10,10,10,10,0,10,10,10,20,29.5,10,120,10,10
1125,10,8,8,10,8,8,10,10,10,10,0,10,0,10,10,10,16,29.5,-10,62.5,0,8
1126,0,8,8,-10,-10,-10,10,0,-10,10,0,-10,-10,0,10,10,12,49.5,-10,35,-10,-10
1127,0,8,10,-10,-10,8,10,-10,-10,10,-10,-10,10,0,10,-10,12,59.5,-8,20,0,-10
1128,-10,10,10,10,-10,8,10,10,10,10,-10,-10,10,0,10,10,13,21,-10,62.5,10,0
1129,-10,10,10,10,8,10,10,10,10,10,10,10,0,-10,10,10,12,29.5,10,62.5,10,8
1130,-10,10,10,-10,-10,10,10,10,10,10,-10,10,0,-10,10,-10,16,29.5,8,62.5,10,10
1131,10,10,10,10,-10,10,10,0,-10,10,10,10,0,10,10,10,12,59.5,10,20,-10,0
1132,10,10,10,10,8,10,10,10,10,10,-10,10,0,-10,10,10,12,21,-10,62.5,-10,8
1133,0,8,10,10,8,10,10,10,-10,10,-10,-10,10,0,10,10,16,29.5,-10,120,0,10
1134,10,8,10,10,-10,10,10,10,10,10,10,10,0,10,10,10,16,29.5,8,45,10,0
1135,0,10,10,10,8,10,10,10,-10,10,-10,10,0,10,10,10,14,39.5,10,120,10,10
1136,10,8,10,10,-10,8,10,10,10,10,-10,-10,-10,0,10,10,12,49.5,-10,25,0,-10
1137,0,10,10,0,10,10,10,10,10,10,10,10,0,10,10,0,16,70,10,20,10,8
1138,10,10,10,10,8,10,10,10,10,10,10,10,0,10,10,10,20,49.5,10,120,10,10
1139,0,10,10,10,8,10,10,10,10,10,-10,10,0,10,10,0,20,59.5,10,62.5,10,-10
1140,0,10,10,10,10,8,10,10,10,10,-10,10,0,10,10,-10,16,59.5,8,20,10,8
1141,-10,8,10,10,8,8,10,10,10,10,10,10,0,10,10,10,20,59.5,8,120,10,10
1142,-10,10,10,10,-10,10,10,10,-10,10,10,10,0,10,10,10,13,49.5,-10,62.5,10,8
1143,10,10,10,10,8,10,10,10,10,10,-10,10,0,10,10,10,13,21,10,95,10,0
1144,-10,8,10,-10,-10,8,10,10,-10,10,-10,-10,-10,0,10,-10,20,59.5,-8,120,-10,10
1145,0,10,10,10,10,10,-10,10,10,10,-10,10,0,10,10,10,13,21,8,35,0,8
1146,0,8,10,10,-10,10,-10,10,0,10,10,10,0,10,10,0,16,59.5,8,120,0,0
1147,-10,10,10,10,8,8,-10,10,-10,10,10,10,0,10,10,10,14,39.5,8,62.5,10,10
1148,10,8,10,-10,-10,8,-10,10,10,10,-10,-10,10,0,10,10,10,21,8,20,0,0
1149,0,10,10,10,10,10,10,10,10,10,10,10,0,10,10,10,16,59.5,8,120,0,-10
1150,0,-10,10,-10,-10,-10,10,10,0,10,0,-10,-10,0,-10,0,20,59.5,-10,62.5,-10,10
1151,0,-10,10,-10,-10,-8,10,10,10,10,-10,10,0,10,-10,0,16,49.5,-8,120,-10,10
1152,0,10,10,10,-10,10,10,10,10,10,-10,10,0,10,10,10,16,29.5,10,120,10,0
1153,0,-10,-10,-10,-10,8,10,10,10,10,0,10,0,10,-10,0,14,59.5,-8,62.5,-10,10
1154,0,10,10,10,8,10,10,10,10,10,-10,10,0,10,10,10,13,21,10,120,10,0
1155,0,10,10,10,-10,8,-10,10,-10,10,-10,10,0,10,10,10,13,39.5,0,20,-10,0
1156,0,10,10,10,10,10,-10,10,-10,0,10,10,0,10,10,10,13,39.5,10,35,0,0
1157,0,10,10,10,8,10,10,10,-10,10,0,10,0,10,10,10,20,29.5,-8,45,0,0
1158,0,10,10,10,8,10,10,10,10,10,10,10,0,10,10,10,20,49.5,10,120,0,0
1159,10,10,10,10,8,10,10,10,10,10,10,10,0,10,10,10,20,29.5,10,82.5,10,10
1160,0,-8,10,10,10,-8,10,10,10,10,0,10,0,0,10,-10,13,70,10,82.5,0,-10
1161,-10,8,10,-10,0,10,10,10,10,10,0,10,0,10,10,-10,13,29.5,-8,120,0,10
1162,10,-10,10,-10,-10,-10,10,10,0,10,-10,-10,-10,0,10,-10,12,21,0,95,0,0
1163,0,10,10,10,-10,10,-10,10,10,10,-10,10,0,10,10,10,12,59.5,-10,82.5,-10,8
1164,-10,8,10,10,-10,8,-10,10,10,10,0,10,0,10,10,10,12,39.5,10,82.5,0,10
1165,10,10,8,10,-10,10,10,10,-10,10,-10,10,0,10,10,10,16,21,10,120,10,0
1166,0,10,10,10,-10,10,10,10,10,10,10,10,0,10,10,10,14,49.5,-10,62.5,-10,10
1167,10,10,10,10,10,10,10,10,10,10,10,10,0,10,10,10,13,21,10,35,10,0
1168,-10,-10,8,-10,-10,8,10,-10,-10,10,-10,-10,-10,0,10,10,13,59.5,-10,0,-10,10
1169,10,8,10,10,-10,8,-10,10,10,10,10,10,0,10,10,10,12,29.5,0,25,-10,0
1170,0,10,10,10,8,10,-10,10,10,10,0,10,0,10,10,10,18,70,10,82.5,10,10
1171,-10,10,10,10,8,10,10,10,-10,10,10,10,0,10,10,10,16,49.5,-8,120,0,10
1172,0,8,10,-10,-10,8,-10,10,10,10,-10,10,0,10,10,10,12,59.5,10,82.5,0,10
1173,0,10,10,10,8,10,10,10,0,10,0,10,0,10,10,10,20,59.5,10,120,0,10
1174,0,10,10,10,0,-10,0,10,10,10,0,10,0,10,10,-10,14,39.5,-10,20,0,-10
1175,0,10,10,10,8,10,10,10,10,10,-10,10,0,10,10,10,16,39.5,10,95,10,-10
1176,0,10,10,10,8,10,10,10,10,10,0,10,0,10,10,10,16,29.5,10,35,10,10
1177,0,-8,10,-10,-10,8,10,0,0,10,-10,-10,-10,0,10,10,13,39.5,-10,62.5,-10,10
1178,0,8,10,10,10,10,10,-10,-10,-10,10,10,0,10,10,-10,12,49.5,10,35,10,0
1179,-10,8,10,10,-10,10,-10,10,10,10,-10,10,0,-10,10,10,12,49.5,8,25,-10,10
1180,0,8,10,-10,-10,8,10,10,-10,10,10,-10,-10,0,10,10,14,29.5,-8,20,10,0
1181,-10,8,10,10,-10,10,-10,10,10,10,0,10,0,10,10,10,12,29.5,0,20,-10,8
1182,10,-8,10,-10,8,8,10,-10,10,10,-10,10,0,10,10,10,16,29.5,-8,95,0,10
1183,-10,10,8,10,8,8,10,10,10,10,-10,10,0,10,10,10,16,21,-10,120,-10,8
1184,0,10,10,10,8,10,10,10,10,10,0,10,0,10,10,10,14,70,10,62.5,10,-10
1185,10,10,10,10,8,10,10,10,0,10,0,10,0,-10,10,10,12,29.5,0,25,-10,10
1186,-10,10,10,-10,8,10,-10,0,0,0,-10,10,0,0,10,-10,12,70,10,25,10,-10
1187,-10,10,10,10,-10,10,10,10,10,10,-10,10,0,10,10,10,16,39.5,-10,120,0,-8
1188,0,8,10,10,10,10,10,10,10,10,10,10,0,10,10,10,12,70,-8,120,-10,10
1189,0,10,10,10,0,10,10,10,10,10,-10,10,0,10,10,10,20,49.5,10,120,10,10
1190,10,8,10,10,10,8,10,10,10,10,10,10,0,10,10,10,16,21,-8,62.5,10,0
1191,-10,10,10,10,8,10,10,10,10,10,10,10,0,10,10,10,13,21,10,35,10,0
1192,10,10,10,10,8,10,10,10,10,10,10,10,0,10,10,10,12,39.5,8,62.5,10,10
1193,10,10,10,10,8,10,10,10,10,10,0,10,0,10,10,10,20,59.5,10,45,10,0
1194,-10,8,10,10,-10,10,10,10,-10,10,10,10,0,-10,10,10,16,49.5,-10,120,-10,10
1195,-10,10,10,10,10,10,-10,10,10,10,-10,10,0,10,10,10,12,59.5,-10,20,-10,-8
1196,0,10,10,10,-10,10,10,10,10,10,-10,10,0,10,10,10,20,70,8,120,10,10
1197,0,10,10,10,8,10,10,-10,-10,10,10,10,0,10,10,10,16,21,8,20,0,0
1198,0,-10,10,-10,-10,-10,10,10,10,10,0,-10,-10,0,10,-10,13,70,-10,95,-10,10
1199,10,8,10,10,8,10,-10,10,-10,10,10,10,0,10,10,10,13,21,8,120,10,0
1200,0,-10,-10,-10,-10,-10,10,10,10,10,-10,10,0,-10,10,10,13,39.5,-8,120,0,10
1201,10,8,10,-10,8,10,10,10,-10,10,-10,10,0,10,10,10,12,49.5,-10,35,0,0
1202,10,10,10,10,-10,10,10,10,10,10,-10,10,0,10,10,10,14,70,10,62.5,0,10
1203,0,10,10,10,8,10,10,10,10,10,10,10,0,10,10,10,20,70,-8,120,0,10
1204,10,10,10,10,8,10,10,10,10,10,10,10,0,10,10,10,20,49.5,10,120,0,10
1205,10,10,10,10,10,10,10,10,10,10,-10,10,0,10,10,10,20,29.5,0,120,10,0
1206,0,-10,10,-10,-10,-10,10,0,0,10,0,-10,-10,0,-10,0,13,70,-10,82.5,-10,10